-0.9232072830200195,-0.7829885482788086,-0.7196741104125977,-0.6526927947998047,-0.5748414993286133,-0.5090274810791016,-0.24051856994628906,-0.1759471893310547,-0.1028890609741211,-0.043793678283691406,0.025277137756347656,0.20440101623535156,0.2890968322753906,0.39083290100097656,0.5741872787475586,0.6622867584228516,0.726536750793457,0.8143711090087891,0.8455772399902344,0.8615121841430664,0.8854217529296875,0.9388790130615234,1.1923351287841797,1.283839225769043,1.3614006042480469,1.4523038864135742,1.532217025756836,1.6764440536499023,1.7371139526367188,1.7962350845336914,1.8353023529052734,1.884760856628418,1.9807844161987305,2.0132522583007812,2.055323600769043,2.1123952865600586,2.1567230224609375,2.2358694076538086,2.4534568786621094,2.595822334289551,2.74184513092041,2.8876447677612305,3.010892868041992,3.283860206604004,3.4219207763671875,3.562875747680664,3.6918277740478516,3.793367385864258,3.861513137817383,3.874723434448242,3.843456268310547,3.778392791748047,3.81935977935791,3.4567575454711914,1.9307899475097656,1.959733009338379,2.192516326904297,2.21224308013916,2.1437768936157227,2.035276412963867,1.9767065048217773,1.9157180786132812,1.8508472442626953,1.7882804870605469,1.6662683486938477,1.328089714050293,1.2775239944458008,1.2300605773925781,1.1737041473388672,1.1021232604980469,1.0975265502929688,1.1033878326416016,1.1273469924926758,1.1149873733520508,1.041548728942871,0.9886674880981445,0.9283485412597656,0.7689476013183594,0.6726131439208984,0.5066394805908203,0.7199954986572266,0.8606023788452148,0.9790639877319336,0.9806222915649414,0.84576416015625
-1.2073850631713867,-1.1348209381103516,-1.0602455139160156,-0.9897212982177734,-0.9059267044067383,-0.7471828460693359,-0.6783924102783203,-0.45828723907470703,-0.3790912628173828,-0.2911520004272461,-0.08007049560546875,0.021567344665527344,0.13963031768798828,0.24685955047607422,0.3394498825073242,0.47498130798339844,0.579564094543457,0.6246423721313477,0.6367073059082031,0.6618967056274414,0.7032241821289062,0.8140707015991211,0.8887500762939453,0.962921142578125,1.1478300094604492,1.2385530471801758,1.4499454498291016,1.5454645156860352,1.64215087890625,1.7162981033325195,1.7965965270996094,1.9152765274047852,1.9807205200195312,2.016660690307617,2.0288400650024414,2.080073356628418,2.151228904724121,2.3748903274536133,2.526334762573242,2.664036750793457,2.8082895278930664,2.9244508743286133,3.0818185806274414,3.1348142623901367,3.2825355529785156,3.3520097732543945,3.4229326248168945,3.5065345764160156,3.545588493347168,3.568657875061035,3.57940673828125,3.5447254180908203,3.5247983932495117,3.4583606719970703,3.5164012908935547,2.8446578979492188,2.1832523345947266,1.985102653503418,2.0391416549682617,1.9532623291015625,1.8759517669677734,1.860590934753418,1.8547353744506836,1.8437566757202148,1.7906084060668945,1.7198209762573242,1.6283798217773438,1.5504121780395508,1.4860563278198242,1.428842544555664,1.4102897644042969,1.4029226303100586,1.3891019821166992,1.3816699981689453,1.3567094802856445,1.3350105285644531,1.3472652435302734,1.3253307342529297,1.261794090270996,1.2873907089233398,0.846552848815918,0.49428653717041016,0.22623634338378906,0.011357307434082031,0.05461692810058594
-1.6168346405029297,-1.4616451263427734,-1.354445457458496,-1.145735740661621,-1.0343914031982422,-0.9258613586425781,-0.8362207412719727,-0.7094793319702148,-0.5754547119140625,-0.31802940368652344,-0.20337867736816406,-0.0734872817993164,0.054856300354003906,0.16193485260009766,0.3390464782714844,0.3912210464477539,0.4275236129760742,0.5047922134399414,0.5222091674804688,0.5575227737426758,0.6733217239379883,0.7314348220825195,0.7995939254760742,0.8750743865966797,0.9645423889160156,1.19464111328125,1.3115119934082031,1.437434196472168,1.533864974975586,1.6522092819213867,1.8430891036987305,1.9476308822631836,2.0393247604370117,2.135371208190918,2.2234487533569336,2.3237524032592773,2.4258575439453125,2.552218437194824,2.648805618286133,2.7142715454101562,2.7483301162719727,2.7811384201049805,2.796257972717285,2.852288246154785,2.906147003173828,2.973851203918457,3.1684341430664062,3.217045783996582,3.287594795227051,3.3444671630859375,3.3687963485717773,3.400667190551758,3.4082469940185547,3.415116310119629,3.4237327575683594,3.40903377532959,3.35516357421875,3.247462272644043,2.9959421157836914,2.779200553894043,2.579540252685547,2.399557113647461,2.181936264038086,2.1074609756469727,2.05599308013916,1.9818105697631836,1.9032955169677734,1.806976318359375,1.6334352493286133,1.5533132553100586,1.4961910247802734,1.3145389556884766,1.2995338439941406,1.2825908660888672,1.2769365310668945,1.281834602355957,1.2711076736450195,1.2175779342651367,0.9832963943481445,0.6613531112670898,0.5320110321044922,0.542780876159668,0.6101646423339844,0.6409730911254883,0.6479301452636719
-1.5915355682373047,-1.4560937881469727,-1.2027053833007812,-1.1614398956298828,-1.0183277130126953,-0.8634147644042969,-0.7087116241455078,-0.3826570510864258,-0.21609783172607422,-0.05240345001220703,0.11031341552734375,0.025017738342285156,0.1411762237548828,0.3255281448364258,0.4088249206542969,0.46490955352783203,0.5282344818115234,0.6119327545166016,0.7371511459350586,0.6735048294067383,0.7381048202514648,0.8022489547729492,0.8738422393798828,0.9618215560913086,1.1877222061157227,1.296370506286621,1.4288463592529297,1.5419769287109375,1.6081428527832031,1.8580665588378906,1.9878644943237305,2.108778953552246,2.2295398712158203,2.3341636657714844,2.434112548828125,2.5473031997680664,2.5453386306762695,2.5388193130493164,2.556081771850586,2.541837692260742,2.5631227493286133,2.599435806274414,2.676304817199707,2.7549896240234375,2.8494415283203125,2.920095443725586,3.086228370666504,3.1283321380615234,3.1600189208984375,3.229114532470703,3.253302574157715,3.3045520782470703,3.3277416229248047,3.369089126586914,3.4057350158691406,3.415639877319336,3.373141288757324,3.325924873352051,3.2610883712768555,3.175281524658203,3.080441474914551,2.8403053283691406,2.611997604370117,2.500990867614746,2.3747339248657227,2.269083023071289,2.156352996826172,1.9958133697509766,1.933441162109375,1.8743295669555664,1.8152751922607422,1.773625373840332,1.738997459411621,1.7264928817749023,1.7149686813354492,1.5645456314086914,1.4579248428344727,1.459122657775879,1.0430145263671875,0.7169456481933594,0.6456699371337891,0.7037458419799805,0.8831214904785156,0.8165760040283203,0.7981348037719727
-1.162205696105957,-0.8618316650390625,-0.7483596801757812,-0.6017303466796875,-0.42809295654296875,-0.5188322067260742,-0.17182540893554688,-0.015188217163085938,0.17648696899414062,0.3496513366699219,0.5033817291259766,0.646998405456543,0.8971757888793945,0.8287744522094727,0.9120807647705078,0.9932212829589844,1.0747251510620117,1.1804494857788086,1.1928024291992188,1.199650764465332,1.2173681259155273,1.0585756301879883,1.129624366760254,1.349501609802246,1.4568252563476562,1.586411476135254,1.7049341201782227,1.8097400665283203,2.0506343841552734,2.1709156036376953,2.2080631256103516,2.3249425888061523,2.419783592224121,2.5039281845092773,2.617868423461914,2.627049446105957,2.637648582458496,2.6653928756713867,2.6970863342285156,2.8115854263305664,2.73944091796875,2.8121519088745117,2.886617660522461,2.9569005966186523,3.0072011947631836,3.138486862182617,3.169940948486328,3.1854982376098633,3.19320011138916,3.209872245788574,3.2632579803466797,3.2611770629882812,3.304835319519043,3.346456527709961,3.3795738220214844,3.40444278717041,3.394375801086426,3.361797332763672,3.3396615982055664,3.302647590637207,3.241988182067871,3.0951642990112305,2.9856414794921875,2.8668251037597656,2.6374711990356445,2.5029373168945312,2.281078338623047,2.1965723037719727,2.1477136611938477,2.0966053009033203,2.0612545013427734,2.005084991455078,1.9265079498291016,1.8713874816894531,1.8193025588989258,1.818984031677246,1.8064098358154297,1.4309988021850586,1.3224859237670898,1.026082992553711,0.8399801254272461,0.6628847122192383,0.4801206588745117,0.29287147521972656,0.47212696075439453
-0.09275245666503906,0.04675769805908203,0.15103721618652344,0.2880821228027344,0.4552326202392578,0.7302761077880859,0.8638772964477539,0.5366668701171875,0.7072544097900391,0.8872318267822266,1.1514949798583984,1.2663393020629883,1.3551044464111328,1.4854049682617188,1.604945182800293,1.3943548202514648,1.5860223770141602,1.6293983459472656,1.6872367858886719,1.7322092056274414,1.7894725799560547,1.9396085739135742,2.02414608001709,1.7453460693359375,1.8606719970703125,1.9746389389038086,2.0846595764160156,2.332124710083008,2.456576347351074,2.5684003829956055,2.6807565689086914,2.7800912857055664,2.877553939819336,2.844101905822754,2.8981523513793945,2.9363584518432617,2.982182502746582,3.01729679107666,3.089448928833008,3.1382646560668945,3.178643226623535,3.221088409423828,3.2589111328125,3.1902265548706055,3.2960996627807617,3.3311777114868164,3.3386030197143555,3.3361454010009766,3.3407106399536133,3.3841419219970703,3.40293025970459,3.4295949935913086,3.4479293823242188,3.468647003173828,3.4533605575561523,3.451859474182129,3.4180517196655273,3.395566940307617,3.367206573486328,3.3377809524536133,3.2540645599365234,3.187190055847168,3.117971420288086,3.0439577102661133,2.970266342163086,2.8932180404663086,2.735227584838867,2.4651689529418945,2.3774890899658203,2.3043222427368164,2.2213010787963867,2.1118335723876953,2.062173843383789,2.0231428146362305,1.9970026016235352,1.811614990234375,1.3797721862792969,1.2536344528198242,1.4085235595703125,1.4165630340576172,1.182509422302246,1.0637521743774414,0.8119955062866211,0.7106733322143555,0.6594715118408203
1.1937294006347656,1.2161874771118164,1.3321418762207031,1.5132026672363281,1.6246662139892578,1.7044897079467773,1.8007030487060547,1.881422996520996,1.5323562622070312,1.7731971740722656,1.856485366821289,1.9291324615478516,2.040785789489746,2.1537227630615234,2.267930030822754,2.3995180130004883,2.4858455657958984,2.222151756286621,2.3035459518432617,2.4046363830566406,2.604977607727051,2.6939477920532227,2.7755918502807617,2.8525028228759766,2.917496681213379,2.642902374267578,2.8084840774536133,2.8982458114624023,2.9860801696777344,3.0647478103637695,3.145840644836426,3.2287721633911133,3.351358413696289,3.4007701873779297,3.421004295349121,3.2996225357055664,3.3211631774902344,3.336271286010742,3.3480405807495117,3.365520477294922,3.3877201080322266,3.405242919921875,3.440985679626465,3.4846038818359375,3.486156463623047,3.4386329650878906,3.43341064453125,3.4235191345214844,3.45432186126709,3.473820686340332,3.5131006240844727,3.5367698669433594,3.559910774230957,3.5822277069091797,3.6359825134277344,3.6416969299316406,3.6309499740600586,3.554229736328125,3.52274227142334,3.444355010986328,3.3944435119628906,3.327241897583008,3.2850465774536133,3.234773635864258,3.184088706970215,3.0834312438964844,3.012441635131836,2.942469596862793,2.8765335083007812,2.8070173263549805,2.4927053451538086,2.4151229858398438,2.34987735748291,2.2969465255737305,2.250727653503418,2.0627355575561523,1.3215045928955078,0.9298286437988281,0.7828817367553711,0.8787021636962891,1.2119865417480469,1.056905746459961,0.8986282348632812,0.8997974395751953,0.9141292572021484
-0.1130228042602539,-0.06778430938720703,1.4604644775390625,1.7512884140014648,1.9556102752685547,2.253483772277832,2.4575634002685547,2.6933345794677734,2.9509477615356445,2.9977245330810547,2.6844863891601562,2.7340259552001953,2.818836212158203,3.0138072967529297,3.0908336639404297,3.1783103942871094,3.293124198913574,3.4367218017578125,3.0850372314453125,3.3220596313476562,3.395660400390625,3.4694385528564453,3.525965690612793,3.5597915649414062,3.6082468032836914,3.701343536376953,3.729745864868164,3.481207847595215,3.528365135192871,3.5612545013427734,3.6593542098999023,3.679628372192383,3.690164566040039,3.7135486602783203,3.7044944763183594,3.679553985595703,3.6648664474487305,3.551502227783203,3.5577621459960938,3.5561113357543945,3.5567188262939453,3.5650405883789062,3.5965471267700195,3.5929861068725586,3.5805349349975586,3.580230712890625,3.581355094909668,3.5960893630981445,3.5464344024658203,3.5699987411499023,3.58377742767334,3.5997390747070312,3.6112442016601562,3.6523704528808594,3.6714468002319336,3.6897735595703125,3.6814136505126953,3.674530029296875,3.6608619689941406,3.625225067138672,3.575925827026367,3.557279586791992,3.5293455123901367,3.5057811737060547,3.4393320083618164,3.395536422729492,3.330881118774414,3.275674819946289,3.221010208129883,3.158383369445801,3.0099802017211914,2.9419384002685547,2.8816757202148438,2.79345703125,2.5470657348632812,1.589731216430664,1.492844581604004,1.2394886016845703,1.1330270767211914,1.0747051239013672,0.9772539138793945,0.6347446441650391,0.7988958358764648,0.8912220001220703,0.8334865570068359
-0.3827981948852539,-0.3310575485229492,-0.39156627655029297,-0.4274635314941406,-0.14601421356201172,-0.3907012939453125,-0.05832195281982422,0.3745450973510742,1.1946287155151367,2.2373409271240234,3.3097267150878906,4.001704216003418,3.8722305297851562,3.9300765991210938,3.967691421508789,4.069057464599609,4.197203636169434,4.31745719909668,4.456954002380371,4.481880187988281,4.168198585510254,4.198006629943848,4.20292854309082,4.201475143432617,4.22303581237793,4.2181854248046875,4.202265739440918,4.208103179931641,4.218260765075684,4.042356491088867,4.039582252502441,4.013731002807617,4.003084182739258,3.9756698608398438,3.9370946884155273,3.864516258239746,3.846095085144043,3.8164358139038086,3.7847814559936523,3.701650619506836,3.6811656951904297,3.6840944290161133,3.6790027618408203,3.678248405456543,3.680419921875,3.7034177780151367,3.745512008666992,3.744810104370117,3.739752769470215,3.7258501052856445,3.652345657348633,3.6447410583496094,3.654123306274414,3.6603288650512695,3.675140380859375,3.685209274291992,3.6995744705200195,3.705564498901367,3.7231931686401367,3.724668502807617,3.7177982330322266,3.7126312255859375,3.701230049133301,3.6212568283081055,3.6080780029296875,3.562588691711426,3.5414352416992188,3.5070266723632812,3.4823360443115234,3.403066635131836,3.3212642669677734,3.2414026260375977,3.2027740478515625,3.057204246520996,2.414491653442383,1.3323822021484375,1.5847959518432617,2.045241355895996,1.5891351699829102,1.2901229858398438,1.2190895080566406,1.0580873489379883,0.8301525115966797,0.9821338653564453,0.9189558029174805
-0.7083911895751953,-0.7114496231079102,-0.6005048751831055,-0.7462558746337891,-0.7295522689819336,-0.7362518310546875,-0.2998056411743164,-0.22195911407470703,-0.17552852630615234,-0.1777353286743164,-0.19468021392822266,1.060685157775879,2.5683164596557617,4.1514177322387695,5.132193565368652,5.163043975830078,5.199521064758301,5.215639114379883,5.2308807373046875,5.187108039855957,5.131349563598633,5.09172248840332,4.754184722900391,4.756783485412598,4.7385053634643555,4.701605796813965,4.647583961486816,4.625065803527832,4.558135986328125,4.544007301330566,4.5357208251953125,4.4992265701293945,4.284954071044922,4.240205764770508,4.132021903991699,4.092966079711914,4.035909652709961,3.9861526489257812,3.934619903564453,3.8921871185302734,3.81182861328125,3.78031063079834,3.7501373291015625,3.7404909133911133,3.7542076110839844,3.8101282119750977,3.8231201171875,3.8235597610473633,3.821457862854004,3.8238391876220703,3.8099117279052734,3.800882339477539,3.787625312805176,3.7354860305786133,3.725527763366699,3.721774101257324,3.7225847244262695,3.7190771102905273,3.7236413955688477,3.734956741333008,3.7400026321411133,3.7542762756347656,3.771221160888672,3.789504051208496,3.800217628479004,3.8041296005249023,3.7098026275634766,3.701146125793457,3.651827812194824,3.6005373001098633,3.5655908584594727,3.4191970825195312,3.1590967178344727,2.6960020065307617,1.5810346603393555,1.7373886108398438,1.6649370193481445,1.4054651260375977,1.3199214935302734,1.357132911682129,1.4970388412475586,1.900613784790039,1.637080192565918,1.6838245391845703,1.6631460189819336
-0.813720703125,-0.7059736251831055,-0.6425771713256836,-0.785649299621582,-0.716547966003418,-0.6213588714599609,-0.41832828521728516,-0.4310951232910156,-0.3878593444824219,-0.15887069702148438,-0.026618003845214844,0.18989086151123047,0.3054819107055664,0.6576118469238281,1.5368461608886719,4.356247901916504,5.774942398071289,5.8564958572387695,5.884237289428711,5.842253684997559,5.780900001525879,5.712801933288574,5.630219459533691,5.547656059265137,5.272482872009277,5.2165374755859375,5.189431190490723,5.076508522033691,5.018648147583008,4.964907646179199,4.922472953796387,4.845447540283203,4.783203125,4.69978141784668,4.442449569702148,4.375331878662109,4.2818603515625,4.19687557220459,4.124234199523926,3.9889602661132812,3.9317970275878906,3.878915786743164,3.860910415649414,3.8329410552978516,3.8292665481567383,3.8559627532958984,3.860654830932617,3.875626564025879,3.882274627685547,3.892362594604492,3.8962059020996094,3.887923240661621,3.860431671142578,3.842726707458496,3.820767402648926,3.799976348876953,3.773408889770508,3.7739439010620117,3.7866926193237305,3.7930164337158203,3.8077430725097656,3.798870086669922,3.8211374282836914,3.8442916870117188,3.853433609008789,3.8631134033203125,3.861043930053711,3.8412580490112305,3.806767463684082,3.7422752380371094,3.69638729095459,3.6913747787475586,3.6789321899414062,3.264728546142578,2.637753486633301,1.8284835815429688,1.432877540588379,1.3717832565307617,1.2486915588378906,1.2863311767578125,1.1515874862670898,1.492471694946289,1.3496332168579102,1.0474958419799805,0.9371261596679688
-1.211446762084961,-1.1309814453125,-0.8342084884643555,-0.8083982467651367,-0.8880071640014648,-0.7354831695556641,-0.6631984710693359,-0.5347309112548828,-0.586176872253418,-0.5641288757324219,-0.4075145721435547,-0.3455171585083008,-0.3434467315673828,-0.23386383056640625,0.18980979919433594,0.3038930892944336,1.0058488845825195,5.135947227478027,5.983856201171875,6.196256637573242,6.258927345275879,6.238263130187988,6.228570938110352,6.145566940307617,6.073713302612305,5.954015731811523,5.694377899169922,5.625933647155762,5.584775924682617,5.450013160705566,5.358057975769043,5.245123863220215,5.093998908996582,5.001441955566406,4.898138999938965,4.807734489440918,4.546285629272461,4.362966537475586,4.283620834350586,4.195659637451172,4.110422134399414,4.0555219650268555,3.9850635528564453,3.8785457611083984,3.8431482315063477,3.8329639434814453,3.8352317810058594,3.859861373901367,3.879755973815918,3.9175806045532227,3.931065559387207,3.9200267791748047,3.9194421768188477,3.910449981689453,3.8974905014038086,3.876800537109375,3.8556108474731445,3.8438329696655273,3.822993278503418,3.8276071548461914,3.837583541870117,3.8716859817504883,3.902987480163574,3.9212121963500977,3.929462432861328,3.932161331176758,3.9212989807128906,3.8923778533935547,3.875420570373535,3.843295097351074,3.81351375579834,3.850369453430176,3.431772232055664,2.7398948669433594,2.3568201065063477,2.371753692626953,2.589083671569824,2.246344566345215,1.4487085342407227,1.4690399169921875,1.353322982788086,1.2467803955078125,1.1410837173461914,0.9352359771728516,0.7838363647460938
-1.1971168518066406,-1.1384811401367188,-1.1768074035644531,-0.9968338012695312,-0.9485969543457031,-1.0505075454711914,-1.0295696258544922,-0.6923084259033203,-0.61212158203125,-0.742431640625,-0.5660858154296875,-0.6081314086914062,-0.6241121292114258,-0.16560745239257812,-0.2883310317993164,-0.16335773468017578,-0.02110004425048828,0.03935718536376953,0.020789146423339844,4.846540451049805,6.026888847351074,6.306759834289551,6.314912796020508,6.300661087036133,6.262395858764648,6.109260559082031,6.078915596008301,6.009616851806641,5.84732723236084,5.800436019897461,5.646884918212891,5.607041358947754,5.4500532150268555,5.3333845138549805,5.214130401611328,5.098330497741699,4.899548530578613,4.7857208251953125,4.549778938293457,4.45797061920166,4.375899314880371,4.281423568725586,4.081518173217773,3.9920215606689453,3.915651321411133,3.881145477294922,3.858412742614746,3.856511116027832,3.894367218017578,3.925069808959961,3.940288543701172,3.9411277770996094,3.948737144470215,3.940896987915039,3.9187278747558594,3.9112329483032227,3.881340980529785,3.8612060546875,3.854313850402832,3.852916717529297,3.8927440643310547,3.878026008605957,3.9032745361328125,3.9244470596313477,3.941136360168457,3.9320430755615234,3.9222326278686523,3.9208717346191406,3.88761043548584,3.853221893310547,3.880971908569336,3.8344154357910156,3.240865707397461,2.5069828033447266,2.114590644836426,2.2952823638916016,1.8154573440551758,1.5703773498535156,1.9488649368286133,1.933847427368164,2.167766571044922,1.6889524459838867,1.214263916015625,0.9717416763305664,0.9780845642089844
-1.4183588027954102,-1.2421340942382812,-1.1693706512451172,-1.1013517379760742,-0.954350471496582,-0.7358274459838867,-0.9602441787719727,-1.0803394317626953,-0.9096517562866211,-0.6772689819335938,-0.7394962310791016,-0.6991691589355469,-0.7561845779418945,-0.354522705078125,-0.3733339309692383,-0.5508813858032227,-0.5920925140380859,-0.4356517791748047,-0.3719511032104492,-0.37322139739990234,-0.5206003189086914,2.3582382202148438,4.457021713256836,6.170839309692383,6.151703834533691,6.12398624420166,6.126617431640625,6.022307395935059,5.932265281677246,5.895276069641113,5.784859657287598,5.727110862731934,5.670775413513184,5.601035118103027,5.439245223999023,5.316906929016113,5.2137041091918945,5.117954254150391,5.017748832702637,4.906154632568359,4.776730537414551,4.430734634399414,4.2938079833984375,4.160658836364746,4.057615280151367,3.9770851135253906,3.907543182373047,3.8588619232177734,3.850754737854004,3.8585948944091797,3.8761768341064453,3.8975486755371094,3.955193519592285,3.970118522644043,3.968655586242676,3.962106704711914,3.9421377182006836,3.926154136657715,3.899777412414551,3.882138252258301,3.8821115493774414,3.887147903442383,3.8975324630737305,3.903413772583008,3.9288692474365234,3.915658950805664,3.8977670669555664,3.8899354934692383,3.843329429626465,3.634324073791504,3.4529218673706055,3.077686309814453,2.8443126678466797,2.4954605102539062,1.8804054260253906,1.7307615280151367,2.1361684799194336,1.581552505493164,1.300760269165039,1.3494577407836914,1.936875343322754,1.9162721633911133,2.1454343795776367,1.8930130004882812,1.7012357711791992
-0.9669771194458008,-1.1546554565429688,-0.99676513671875,-0.8106107711791992,-0.8423538208007812,-0.8945751190185547,-0.9518156051635742,-0.9249296188354492,-0.9305582046508789,-0.7969913482666016,-0.7379817962646484,-0.9800424575805664,-1.074488639831543,-1.0151853561401367,-0.8971414566040039,-0.435516357421875,-0.6986207962036133,-0.757328987121582,-0.8027544021606445,-0.9208536148071289,-0.9214181900024414,-0.6158618927001953,-0.2771492004394531,1.4094839096069336,3.5541954040527344,5.292351722717285,5.978691101074219,5.9698591232299805,5.8904876708984375,5.821494102478027,5.722590446472168,5.64129638671875,5.626142501831055,5.568312644958496,5.538079261779785,5.520774841308594,5.395143508911133,5.373073577880859,5.311734199523926,5.196445465087891,4.918674468994141,4.776947021484375,4.637728691101074,4.347345352172852,4.2102508544921875,4.083356857299805,3.905303955078125,3.82553768157959,3.7627487182617188,3.736971855163574,3.72336483001709,3.720247268676758,3.7998552322387695,3.835489273071289,3.9482641220092773,3.9612789154052734,3.9768924713134766,3.974484443664551,3.9332218170166016,3.910861015319824,3.875800132751465,3.8476686477661133,3.8298521041870117,3.830075263977051,3.871354103088379,3.8562679290771484,3.9520788192749023,3.918811798095703,3.8653135299682617,3.563971519470215,2.595010757446289,2.193635940551758,1.9527044296264648,1.9498357772827148,2.043081283569336,1.7928190231323242,2.3463916778564453,2.0885887145996094,1.7125120162963867,1.7585582733154297,1.5997381210327148,1.5060501098632812,1.4447755813598633,1.4445037841796875,1.6837921142578125
-1.1244773864746094,-1.1601181030273438,-1.073716163635254,-0.9855823516845703,-0.8522539138793945,-0.8717241287231445,-0.8037452697753906,-0.91864013671875,-1.199625015258789,-1.2089471817016602,-1.1058940887451172,-1.2585983276367188,-1.1680078506469727,-1.0130386352539062,-1.1488218307495117,-0.8559150695800781,-0.7785415649414062,-0.6981687545776367,-0.7590837478637695,-1.0248126983642578,-1.0216665267944336,-0.7735309600830078,-0.9129199981689453,-0.8487653732299805,-0.5348310470581055,-0.4319419860839844,0.40959930419921875,4.5271453857421875,5.612613677978516,5.773585319519043,5.646347999572754,5.540112495422363,5.488062858581543,5.368297576904297,5.338833808898926,5.383620262145996,5.345186233520508,5.327001571655273,5.310379981994629,5.092942237854004,5.022792816162109,4.957118988037109,4.847185134887695,4.732501029968262,4.610027313232422,4.14840030670166,4.007157325744629,3.8735170364379883,3.773512840270996,3.7061538696289062,3.6549482345581055,3.6235313415527344,3.635936737060547,3.6582345962524414,3.705704689025879,3.7345285415649414,3.7808103561401367,3.891665458679199,3.88399600982666,3.8771724700927734,3.8449907302856445,3.8139162063598633,3.782294273376465,3.7600221633911133,3.7920713424682617,3.823819160461426,3.8267717361450195,3.8313636779785156,3.8099966049194336,3.9140567779541016,3.4058027267456055,2.114076614379883,1.735335350036621,1.6191349029541016,1.3688535690307617,1.298929214477539,1.3502635955810547,1.8228063583374023,1.8422536849975586,1.6551122665405273,1.6795501708984375,1.6123294830322266,1.560561180114746,1.5196638107299805,1.5126104354858398
-1.545210838317871,-1.5583572387695312,-1.388235092163086,-1.274846076965332,-1.3053827285766602,-1.1870012283325195,-1.0301437377929688,-0.6875762939453125,-0.7598600387573242,-0.925450325012207,-1.2008657455444336,-1.3754329681396484,-1.3558883666992188,-1.1875829696655273,-1.0999479293823242,-1.1777992248535156,-1.0721654891967773,-0.9763994216918945,-0.9311723709106445,-0.7990427017211914,-0.7218036651611328,-0.7689304351806641,-0.8254966735839844,-0.9050683975219727,-0.868560791015625,-0.6974363327026367,0.02306079864501953,-0.4634075164794922,-0.10145187377929688,1.1221599578857422,2.9990110397338867,4.643284797668457,5.575436592102051,5.463123321533203,5.413442611694336,5.377251625061035,5.337811470031738,5.345484733581543,5.270421028137207,5.218471527099609,5.188138961791992,5.154959678649902,5.1112565994262695,5.066434860229492,4.87185001373291,4.738977432250977,4.6068220138549805,4.4576826095581055,4.112063407897949,3.926886558532715,3.78302001953125,3.7425222396850586,3.708282470703125,3.713820457458496,3.685269355773926,3.6909828186035156,3.7524871826171875,3.766911506652832,3.7919816970825195,3.805048942565918,3.8161611557006836,3.779168128967285,3.8036937713623047,3.770676612854004,3.7657365798950195,3.7692203521728516,3.7698936462402344,3.75894832611084,3.7856664657592773,3.6162357330322266,3.1644163131713867,2.5500411987304688,2.0803604125976562,1.778268814086914,1.3517389297485352,1.3019742965698242,1.335200309753418,1.2067718505859375,1.04833984375,0.9907131195068359,1.0398015975952148,1.2339696884155273,1.2833242416381836,1.2819385528564453,1.1214237213134766
-1.1821088790893555,-1.247145652770996,-1.4157648086547852,-1.3749589920043945,-1.1693916320800781,-1.0019540786743164,-0.912074089050293,-0.8461933135986328,-0.8000307083129883,-0.7003316879272461,-0.7886524200439453,-0.8729848861694336,-1.1673812866210938,-1.2205944061279297,-1.2006759643554688,-1.1582345962524414,-1.0666351318359375,-0.8612499237060547,-0.7060985565185547,-0.7271127700805664,-0.6842021942138672,-0.6758975982666016,-0.5965909957885742,-0.5287227630615234,-0.7964591979980469,-0.6664390563964844,-0.2746467590332031,0.020264625549316406,0.22076034545898438,0.46238040924072266,0.7496280670166016,1.1750679016113281,2.312911033630371,3.8309640884399414,4.977072715759277,5.449907302856445,5.496939659118652,5.407262802124023,5.3600568771362305,5.308093070983887,5.258274078369141,5.192093849182129,5.165678977966309,5.069075584411621,5.005029678344727,4.947918891906738,4.875274658203125,4.769410133361816,4.682638168334961,4.466146469116211,4.365851402282715,4.059205055236816,3.99423885345459,3.9323959350585938,3.8912973403930664,3.8543758392333984,3.815089225769043,3.8067893981933594,3.7975854873657227,3.794522285461426,3.815056800842285,3.8239669799804688,3.824108123779297,3.7872962951660156,3.77260684967041,3.7376108169555664,3.699395179748535,3.698904037475586,3.7011289596557617,3.334625244140625,2.6662330627441406,2.102956771850586,2.0725040435791016,2.0182018280029297,1.5257015228271484,1.6400775909423828,1.2493305206298828,1.3054523468017578,1.2122268676757812,1.0432348251342773,1.0282421112060547,1.0738983154296875,1.1098432540893555,1.276412010192871,1.2574396133422852
-1.239975929260254,-1.1369571685791016,-1.019078254699707,-1.2139215469360352,-1.5577201843261719,-0.9525308609008789,-0.9798421859741211,-0.8158969879150391,-0.9211091995239258,-1.111710548400879,-0.9486360549926758,-0.7329931259155273,-0.6008872985839844,-0.5347385406494141,-1.0110912322998047,-0.9534673690795898,-1.0273303985595703,-0.8030786514282227,-0.7833309173583984,-0.7423915863037109,-0.7159404754638672,-0.6163873672485352,-0.6086292266845703,-0.6629238128662109,-0.5468025207519531,-0.5182161331176758,-0.5513467788696289,-0.3818378448486328,-0.11084365844726562,0.47244834899902344,0.6630458831787109,0.7561006546020508,1.203312873840332,1.1302261352539062,1.3145198822021484,2.0660400390625,4.390541076660156,4.985212326049805,5.093074798583984,5.087790489196777,5.09403133392334,5.027060508728027,5.118658065795898,5.035831451416016,4.953112602233887,4.9017133712768555,4.799778938293457,4.747274398803711,4.6126508712768555,4.512456893920898,4.402427673339844,4.281328201293945,4.172036170959473,4.158003807067871,4.007831573486328,3.9234189987182617,3.871598243713379,3.81674861907959,3.754819869995117,3.7159061431884766,3.7023277282714844,3.7099971771240234,3.7121143341064453,3.6989288330078125,3.6590166091918945,3.6539249420166016,3.5959625244140625,3.581087112426758,3.509014129638672,3.5309219360351562,3.034334182739258,2.5113344192504883,2.018113136291504,1.493098258972168,1.3823127746582031,1.340571403503418,1.107121467590332,1.0167207717895508,1.0919370651245117,1.2439136505126953,1.031172752380371,0.8860588073730469,0.99652099609375,1.208841323852539,1.2930793762207031
-1.6326122283935547,-1.6544837951660156,-1.6656408309936523,-1.5291128158569336,-1.3620262145996094,-1.4293088912963867,-0.9769802093505859,-1.6431665420532227,-1.2972841262817383,-0.5961704254150391,-0.5701198577880859,-0.7273750305175781,-0.766510009765625,-0.7887668609619141,-0.8145990371704102,-0.7067651748657227,-1.0176067352294922,-1.0571603775024414,-0.7885189056396484,-0.5898170471191406,-0.5327863693237305,-0.6410484313964844,-0.5193014144897461,-0.5254507064819336,-0.7200498580932617,-0.7251253128051758,-0.6509523391723633,-0.8001880645751953,-0.8371171951293945,-0.7205915451049805,-0.6544160842895508,-0.5243158340454102,-0.3698892593383789,-0.24326515197753906,0.13127994537353516,0.0862264633178711,0.18863964080810547,1.0648221969604492,2.5805482864379883,4.084964752197266,4.888430595397949,4.871920585632324,4.830385208129883,4.701910972595215,4.799675941467285,4.704323768615723,4.6187896728515625,4.475638389587402,4.415572166442871,4.383942604064941,4.310197830200195,4.225090980529785,4.158349990844727,3.9548397064208984,3.8448972702026367,3.727595329284668,3.7040205001831055,3.633603096008301,3.5571823120117188,3.4797229766845703,3.31711483001709,3.2474803924560547,3.2024879455566406,3.197263717651367,3.2680463790893555,3.3051576614379883,3.393599510192871,3.4161386489868164,3.3956470489501953,3.288752555847168,2.77335262298584,2.2830076217651367,1.611562728881836,1.4793195724487305,1.2342891693115234,1.3386516571044922,1.0907602310180664,1.0212697982788086,0.9370574951171875,1.3068571090698242,1.2060813903808594,1.1949214935302734,1.0220937728881836,1.0326719284057617,1.1797075271606445
-1.9546051025390625,-2.1313962936401367,-2.0469112396240234,-1.9853897094726562,-2.262859344482422,-2.010164260864258,-1.8026199340820312,-1.6127738952636719,-0.9618692398071289,-0.9357013702392578,-1.040945053100586,-0.8657636642456055,-0.45259857177734375,-0.368988037109375,-0.8692445755004883,-0.8121271133422852,-0.5598382949829102,-0.8325767517089844,-0.710209846496582,-0.6597042083740234,-0.7639827728271484,-0.7891035079956055,-0.9033708572387695,-0.9340610504150391,-0.9230012893676758,-0.8208065032958984,-0.7984027862548828,-0.7547073364257812,-0.7088613510131836,-0.9090356826782227,-0.9352254867553711,-0.7165918350219727,-0.5054244995117188,-0.15373802185058594,-0.022887229919433594,-0.032855987548828125,0.3617420196533203,0.33489131927490234,-0.024255752563476562,-0.3040609359741211,1.3470678329467773,3.152215003967285,4.119504928588867,4.297558784484863,4.272004127502441,4.244254112243652,4.136163711547852,4.348848342895508,4.340831756591797,4.264711380004883,4.172637939453125,4.08167839050293,3.8494691848754883,3.7314586639404297,3.5952682495117188,3.471487045288086,3.3717117309570312,3.3038244247436523,3.253856658935547,3.21340274810791,3.2008132934570312,3.151118278503418,3.1063613891601562,3.106740951538086,3.147176742553711,3.242373466491699,3.3368186950683594,3.4245967864990234,3.3472232818603516,2.8568973541259766,2.2858142852783203,1.8489189147949219,1.369523048400879,1.2630062103271484,1.1541156768798828,1.2745580673217773,1.2685327529907227,1.1634302139282227,1.1010570526123047,1.2948369979858398,1.2905244827270508,1.252821922302246,1.3240785598754883,1.1346769332885742,1.3555994033813477
-2.4365224838256836,-2.0431747436523438,-1.7776069641113281,-1.9418601989746094,-2.1118059158325195,-1.9405403137207031,-1.556985855102539,-1.2830944061279297,-1.436136245727539,-1.5265998840332031,-1.222031593322754,-0.6853189468383789,-0.12981700897216797,-0.18542766571044922,-0.4630908966064453,-0.6934976577758789,-0.8480319976806641,-0.7056140899658203,-0.6770200729370117,-1.1676416397094727,-1.0534515380859375,-0.9932918548583984,-0.9381561279296875,-0.9333200454711914,-1.0401430130004883,-0.8650350570678711,-0.8989896774291992,-1.0490694046020508,-0.8383388519287109,-0.9975900650024414,-1.0265913009643555,-1.2703514099121094,-1.722743034362793,-1.7199773788452148,-1.6374950408935547,-1.6153278350830078,-1.507634162902832,-1.3149290084838867,-0.8644733428955078,-0.6478414535522461,-0.7197818756103516,-0.5960283279418945,0.6769895553588867,2.5109996795654297,3.5683650970458984,3.743499755859375,3.672029495239258,3.5878734588623047,3.6050376892089844,3.766620635986328,3.718306541442871,3.6098251342773438,3.5699939727783203,3.5421504974365234,3.4928550720214844,3.4594497680664062,3.4340734481811523,3.4143829345703125,3.3933162689208984,3.362285614013672,3.379781723022461,3.4109582901000977,3.2787046432495117,3.302849769592285,3.299571990966797,3.29744815826416,3.338010787963867,3.3443174362182617,3.048938751220703,2.3668594360351562,1.8051300048828125,1.3712921142578125,1.3249444961547852,1.4258356094360352,1.3878164291381836,1.414541244506836,1.5819091796875,1.440922737121582,1.3736238479614258,1.3202362060546875,1.4860258102416992,1.2620916366577148,1.3403549194335938,1.2424888610839844,1.1536331176757812
-3.2872610092163086,-2.509408950805664,-2.4931554794311523,-2.6481189727783203,-1.9780445098876953,-1.815373420715332,-1.9252052307128906,-1.9373350143432617,-1.6246871948242188,-1.016860008239746,-1.0139961242675781,-2.257406234741211,-1.9515819549560547,-1.482579231262207,-0.8078413009643555,-0.6249170303344727,-0.7782449722290039,-1.2462921142578125,-1.3596811294555664,-1.408599853515625,-1.4439783096313477,-1.3348283767700195,-1.1975479125976562,-1.204115867614746,-1.0248899459838867,-1.0988140106201172,-1.3742103576660156,-1.4012842178344727,-1.1293144226074219,-1.1399106979370117,-0.9746818542480469,-1.0331087112426758,-1.2873096466064453,-1.442575454711914,-1.3715896606445312,-1.1541309356689453,-0.9003801345825195,-0.34626293182373047,-0.22726154327392578,-0.2459268569946289,-0.45005130767822266,-0.6548051834106445,-1.085301399230957,-0.9601411819458008,2.401357650756836,3.2778139114379883,3.3090696334838867,3.2008752822875977,3.25030517578125,3.284541130065918,3.3564252853393555,3.4002933502197266,3.4508934020996094,3.453174591064453,3.4763803482055664,3.500515937805176,3.5357789993286133,3.6183958053588867,3.6103782653808594,3.606161117553711,3.6426944732666016,3.625443458557129,3.6073989868164062,3.639103889465332,3.617093086242676,3.503495216369629,3.514690399169922,3.528482437133789,3.190121650695801,2.4392528533935547,1.501028060913086,1.4329252243041992,1.3714361190795898,1.2552051544189453,1.2843008041381836,1.3115053176879883,1.1260347366333008,1.1711034774780273,1.3835220336914062,1.3758583068847656,1.3283147811889648,1.5246191024780273,1.525315284729004,1.200362205505371,1.2838096618652344
-1.802668571472168,-1.3862886428833008,-1.7967243194580078,-2.204618453979492,-2.2646446228027344,-2.4548187255859375,-1.959798812866211,-1.962738037109375,-2.03031063079834,-2.3007917404174805,-1.7939586639404297,-1.100295066833496,-1.1545991897583008,-1.5926580429077148,-1.7888879776000977,-1.725637435913086,-1.9964275360107422,-1.973647117614746,-1.8087949752807617,-1.6828269958496094,-1.5496110916137695,-1.374873161315918,-1.2955102920532227,-1.178055763244629,-1.3017797470092773,-1.4455070495605469,-1.2083425521850586,-0.8043174743652344,-0.758540153503418,-0.633509635925293,-0.696476936340332,-0.4284954071044922,-0.49561214447021484,-1.0466842651367188,-1.1067180633544922,-0.999211311340332,-0.9103593826293945,-0.9298629760742188,-1.0049715042114258,-1.1001558303833008,-1.1070613861083984,-1.0523786544799805,-1.0811824798583984,-1.3317804336547852,-1.2470951080322266,-0.6312122344970703,1.048844337463379,2.509632110595703,3.0671815872192383,3.213102340698242,3.265425682067871,3.338809013366699,3.4134254455566406,3.4654541015625,3.5095081329345703,3.5808420181274414,3.7245330810546875,3.734832763671875,3.751131057739258,3.8248167037963867,3.8892393112182617,3.923647880554199,3.9383602142333984,3.944490432739258,3.834029197692871,3.5969972610473633,3.6592817306518555,3.3166589736938477,2.5326852798461914,1.8224430084228516,1.5101127624511719,1.3304557800292969,1.2375917434692383,1.1623773574829102,1.0811996459960938,1.0137739181518555,1.0514678955078125,0.9370489120483398,0.9736881256103516,0.9087839126586914,0.9515285491943359,0.9263114929199219,1.0722675323486328,1.0236377716064453,1.052912712097168
-2.962761878967285,-2.1127052307128906,-2.219119071960449,-2.422517776489258,-2.4378795623779297,-2.2250471115112305,-2.165447235107422,-3.6054954528808594,-2.7797365188598633,-2.295302391052246,-1.7869157791137695,-2.267484664916992,-2.441965103149414,-2.667886734008789,-2.4683332443237305,-2.02268123626709,-1.8464946746826172,-1.586441993713379,-1.2444210052490234,-1.1509418487548828,-1.298539161682129,-1.3574190139770508,-1.2478485107421875,-1.3776092529296875,-1.2028064727783203,-0.9746408462524414,-0.8607616424560547,-0.9410772323608398,-0.7817192077636719,-0.7163934707641602,-0.8645114898681641,-1.1969518661499023,-1.517852783203125,-1.3593711853027344,-1.344294548034668,-1.5422000885009766,-1.8568220138549805,-1.5850391387939453,-1.2773923873901367,-0.9601020812988281,-0.6667070388793945,-0.3209400177001953,-0.19464397430419922,-0.06063270568847656,0.01949596405029297,0.22624683380126953,-0.4924325942993164,-0.23107433319091797,2.4369916915893555,3.247812271118164,3.46380615234375,3.528057098388672,3.5871286392211914,3.6541528701782227,3.710481643676758,3.7384729385375977,3.827604293823242,3.93466854095459,3.9427576065063477,4.029842376708984,4.0799055099487305,4.093802452087402,4.119095802307129,4.097677230834961,3.4144935607910156,2.9183425903320312,2.9768199920654297,2.2921924591064453,1.5267372131347656,1.3960494995117188,1.423440933227539,1.560042381286621,1.5089035034179688,1.4418611526489258,1.2706060409545898,1.007345199584961,1.0608835220336914,0.9804515838623047,0.8587360382080078,0.9069089889526367,0.8783750534057617,0.769932746887207,1.1140871047973633,1.014225959777832,0.9703750610351562
-2.6380233764648438,-2.5841360092163086,-2.4094839096069336,-2.377896308898926,-1.9988079071044922,-1.9583749771118164,-1.9221677780151367,-1.9517011642456055,-2.08400821685791,-2.865337371826172,-2.5171966552734375,-2.4695425033569336,-2.270784378051758,-1.4942693710327148,-1.194173812866211,-1.3013725280761719,-1.3142766952514648,-1.1990489959716797,-1.7506132125854492,-1.8286027908325195,-1.4281587600708008,-1.6152334213256836,-1.8229398727416992,-1.4652366638183594,-1.247426986694336,-1.4672966003417969,-1.3552265167236328,-1.2000017166137695,-1.2293148040771484,-1.5073490142822266,-1.686075210571289,-1.553065299987793,-1.439589500427246,-1.2702875137329102,-0.9882936477661133,-0.8986959457397461,-0.9012603759765625,-1.151580810546875,-1.0493202209472656,-0.7892322540283203,-0.30605220794677734,-0.15487957000732422,0.008035659790039062,0.1490011215209961,0.2621574401855469,0.4621543884277344,0.6210641860961914,0.7991971969604492,1.5656843185424805,2.4960250854492188,3.348703384399414,3.621121406555176,3.685626983642578,3.8210601806640625,3.9229650497436523,4.008146286010742,4.090419769287109,4.088871955871582,4.034252166748047,4.0320024490356445,4.056153297424316,4.143738746643066,4.058418273925781,3.955028533935547,3.7858028411865234,3.56735897064209,3.360105514526367,1.8864564895629883,1.2343730926513672,0.8826799392700195,0.6057472229003906,0.5908432006835938,0.7249393463134766,0.8370695114135742,0.9606609344482422,1.015645980834961,0.9180316925048828,1.0375518798828125,0.9869880676269531,0.9720525741577148,1.1861562728881836,1.0530080795288086,1.0822010040283203,0.9742898941040039,0.949284553527832
-2.51495361328125,-2.539480209350586,-2.605658531188965,-2.038576126098633,-2.264432907104492,-2.9816970825195312,-3.092593193054199,-2.7447919845581055,-2.4996767044067383,-2.732677459716797,-3.1711654663085938,-3.2592954635620117,-3.3042383193969727,-2.308286666870117,-2.009347915649414,-1.6254034042358398,-1.4174461364746094,-1.6139888763427734,-2.5166711807250977,-2.5341482162475586,-2.5279312133789062,-1.9458751678466797,-1.6615352630615234,-1.723489761352539,-1.5517559051513672,-1.2276506423950195,-1.739741325378418,-2.0201873779296875,-2.1786794662475586,-2.1518306732177734,-1.6568403244018555,-1.6404647827148438,-1.1280670166015625,-0.9708318710327148,-0.9180526733398438,-0.9155797958374023,-0.7737569808959961,-0.7448244094848633,-0.8396368026733398,-1.6673908233642578,-1.3433866500854492,-1.3258647918701172,-1.1426620483398438,-1.0169000625610352,-0.8859939575195312,-0.9923820495605469,-1.2361278533935547,-0.9364385604858398,-0.5313100814819336,-0.3253049850463867,-0.3260917663574219,2.025289535522461,3.3524818420410156,3.9875707626342773,3.8199071884155273,3.8395557403564453,3.8894081115722656,3.9384593963623047,3.945384979248047,3.9196481704711914,3.5187530517578125,3.154799461364746,2.8569631576538086,2.7006349563598633,3.0683488845825195,2.7948837280273438,2.1367626190185547,1.2411689758300781,0.7524032592773438,0.5886421203613281,0.7061300277709961,0.9243383407592773,0.9394187927246094,1.1856908798217773,1.2464923858642578,1.1888885498046875,1.087759017944336,1.1515846252441406,1.2135200500488281,0.9952564239501953,0.9283046722412109,0.7089605331420898,0.8279151916503906,0.722020149230957,0.5854291915893555
-2.852372169494629,-2.6398048400878906,-2.4163026809692383,-2.2680110931396484,-2.3630590438842773,-3.04837703704834,-2.102693557739258,-2.4822912216186523,-4.247419357299805,-2.6006364822387695,-1.781418800354004,-2.205389976501465,-2.706059455871582,-2.3974075317382812,-3.1695566177368164,-3.3611183166503906,-3.6837759017944336,-2.5628414154052734,-2.6683053970336914,-2.287689208984375,-1.9565343856811523,-1.6465167999267578,-1.5546789169311523,-1.1982612609863281,-2.408140182495117,-2.477108955383301,-2.3152332305908203,-1.8376235961914062,-1.2455987930297852,-0.8400278091430664,-0.5775909423828125,-0.9278020858764648,-0.7786474227905273,-0.7802982330322266,-0.9242343902587891,-0.9468955993652344,-0.9562206268310547,-1.260232925415039,-1.6058788299560547,-1.1033401489257812,-0.6828622817993164,-0.6167984008789062,-0.686244010925293,-0.6320695877075195,-0.6689243316650391,-1.1295690536499023,-1.2672309875488281,-1.3623151779174805,-1.2681961059570312,-1.5297517776489258,-1.3457698822021484,-1.099167823791504,-0.7830801010131836,-0.37137699127197266,2.87713623046875,3.690129280090332,3.91634464263916,3.580118179321289,3.1105546951293945,2.439584732055664,2.3431663513183594,2.3042287826538086,2.125141143798828,1.6702966690063477,1.600259780883789,1.1299285888671875,2.1253814697265625,1.4398975372314453,1.127791404724121,1.191441535949707,1.1746559143066406,1.407796859741211,1.5295944213867188,1.2823514938354492,1.1586084365844727,1.4051694869995117,1.300994873046875,1.1103143692016602,1.0960922241210938,0.8970546722412109,0.7338895797729492,0.9190340042114258,0.8054399490356445,0.7445058822631836,0.6546525955200195
-2.4199447631835938,-3.1129150390625,-3.005772590637207,-2.7586898803710938,-2.81561279296875,-2.587466239929199,-2.939176559448242,-3.808046340942383,-2.056490898132324,-2.169656753540039,-3.4076881408691406,-3.6620006561279297,-3.3758039474487305,-3.1420488357543945,-3.04178524017334,-2.8865671157836914,-2.454146385192871,-2.5217819213867188,-2.7504587173461914,-2.4229936599731445,-2.2283058166503906,-2.6001462936401367,-2.5680618286132812,-1.490525245666504,-1.8209447860717773,-1.3708953857421875,-1.2252769470214844,-1.0424203872680664,-0.9087600708007812,-1.1197748184204102,-1.0484018325805664,-0.8591108322143555,-1.0636415481567383,-1.2588520050048828,-0.9046916961669922,-0.9430761337280273,-1.7724647521972656,-1.570871353149414,-1.2885417938232422,-0.8801126480102539,-0.8416423797607422,-0.7815160751342773,-0.8689985275268555,-1.1851272583007812,-1.1884737014770508,-0.9238710403442383,-0.8534049987792969,-0.670781135559082,-0.5898818969726562,-0.4982757568359375,-0.3432044982910156,-0.15938377380371094,0.07432270050048828,0.12181568145751953,-0.23728466033935547,-1.7598886489868164,0.3070564270019531,1.7746343612670898,2.0219898223876953,2.0225982666015625,2.320314407348633,1.7154483795166016,1.1865119934082031,1.2731542587280273,1.6351795196533203,1.72003173828125,1.5513086318969727,1.925933837890625,2.1791563034057617,1.8188552856445312,1.1394147872924805,1.0336313247680664,1.381657600402832,1.518758773803711,1.2894296646118164,1.1143760681152344,0.9957504272460938,0.8308391571044922,0.7390537261962891,0.4845399856567383,0.40772247314453125,0.37938785552978516,0.4154682159423828,0.3027153015136719,0.26282691955566406
-2.8170127868652344,-2.8999853134155273,-2.7858963012695312,-2.8357038497924805,-2.3210220336914062,-2.328139305114746,-2.9523487091064453,-2.309661865234375,-2.3090362548828125,-3.070338249206543,-2.7368383407592773,-2.1756181716918945,-2.0698928833007812,-2.0409631729125977,-2.202686309814453,-2.0412492752075195,-2.4161500930786133,-3.100813865661621,-2.9405393600463867,-2.368814468383789,-1.968979835510254,-1.9543828964233398,-1.3000450134277344,-1.3570737838745117,-1.2978839874267578,-1.0642480850219727,-1.0203886032104492,-0.7981252670288086,-1.371476173400879,-1.4012088775634766,-1.1925067901611328,-1.3797063827514648,-1.4358882904052734,-1.1929378509521484,-1.1887903213500977,-1.3386554718017578,-1.0471935272216797,-1.5179643630981445,-1.2968873977661133,-0.8680248260498047,-0.6992511749267578,-0.5293750762939453,-0.24001312255859375,0.05909538269042969,-0.025232315063476562,0.09580421447753906,0.2612123489379883,-0.014990806579589844,-0.12053680419921875,0.0719747543334961,0.2986574172973633,0.17575836181640625,-0.32210636138916016,-1.3127565383911133,-2.354557991027832,-3.0663042068481445,-0.0295867919921875,0.6583662033081055,1.3120317459106445,2.1078262329101562,2.453536033630371,2.7390823364257812,2.377138137817383,1.3166522979736328,1.777848243713379,1.3280954360961914,1.5513267517089844,1.9490041732788086,2.0199050903320312,1.7466917037963867,1.7392578125,1.4701013565063477,1.174713134765625,1.2495670318603516,1.6015558242797852,0.9929924011230469,0.921229362487793,0.9805421829223633,0.7752780914306641,0.5871047973632812,0.5550832748413086,0.4663238525390625,0.5690708160400391,0.4714040756225586,0.4314422607421875
-1.6413135528564453,-2.2049617767333984,-2.393660545349121,-2.621088981628418,-3.1158533096313477,-3.0341415405273438,-2.912700653076172,-2.9376182556152344,-2.95947265625,-2.995420455932617,-3.0945634841918945,-3.0018186569213867,-2.942258834838867,-2.9065637588500977,-3.1076717376708984,-2.687058448791504,-2.6454830169677734,-2.6184873580932617,-2.5111141204833984,-3.0240964889526367,-2.341411590576172,-1.5412921905517578,-1.587052345275879,-1.9420957565307617,-1.6284971237182617,-1.496354103088379,-1.4894237518310547,-1.5704851150512695,-1.4894371032714844,-1.2495861053466797,-1.2597055435180664,-1.0700445175170898,-0.7233352661132812,-1.0035715103149414,-0.5729084014892578,-0.23058128356933594,-0.5318441390991211,-0.37754249572753906,-0.13984107971191406,0.09277820587158203,0.16199684143066406,-0.19242191314697266,-0.006196022033691406,0.025849342346191406,0.1618795394897461,0.29579734802246094,0.2367410659790039,0.23510265350341797,-0.2269878387451172,-0.8456087112426758,-0.5807523727416992,-1.6030645370483398,-1.7150859832763672,-1.959726333618164,-2.5952987670898438,-2.223240852355957,-1.0097427368164062,-1.5974655151367188,-2.247457504272461,-2.5773391723632812,-1.7364845275878906,-1.62152099609375,0.6901865005493164,-1.5114078521728516,-1.4157800674438477,-1.7431726455688477,-2.0426883697509766,-2.471057891845703,-2.9980506896972656,-2.857290267944336,-2.2465734481811523,-1.9598627090454102,-1.9569330215454102,-1.5775375366210938,-1.4175586700439453,-1.0965290069580078,-0.7488460540771484,1.1705436706542969,1.2990245819091797,1.054854393005371,1.0815610885620117,1.2227935791015625,1.1646451950073242,1.049830436706543,0.9267206192016602
-2.6293859481811523,-2.563399314880371,-2.3842086791992188,-3.2259693145751953,-1.6480998992919922,-2.756633758544922,-3.018282890319824,-2.380586624145508,-2.486562728881836,-3.2950868606567383,-3.1364688873291016,-3.1753387451171875,-2.958375930786133,-3.4415721893310547,-4.379744529724121,-3.110623359680176,-2.460782051086426,-1.154348373413086,-1.6590147018432617,-2.211867332458496,-2.130681037902832,-2.0541906356811523,-2.3929624557495117,-2.245389938354492,-2.051255226135254,-1.364527702331543,-1.067789077758789,-0.867466926574707,-0.8104457855224609,-0.964111328125,-0.7159080505371094,-1.0460214614868164,-2.106903076171875,-0.9375801086425781,-0.6313467025756836,-1.3358383178710938,-1.1217803955078125,-0.3855752944946289,-0.6531095504760742,-1.4623527526855469,-0.683619499206543,-0.23347854614257812,-0.1544055938720703,-0.8184242248535156,-0.7704267501831055,-0.8696937561035156,-1.0212278366088867,-1.5895709991455078,-1.747488021850586,-1.8381023406982422,-2.1182708740234375,-1.9956178665161133,-2.106350898742676,-2.2053184509277344,-1.8247356414794922,-1.399785041809082,-1.5738086700439453,-2.3366613388061523,-2.113123893737793,-2.2351608276367188,-2.029064178466797,-2.045146942138672,-1.8946332931518555,-1.6512689590454102,-2.2821617126464844,-2.398421287536621,-2.565319061279297,-2.663937568664551,-2.521784782409668,-1.7165555953979492,-1.4690608978271484,-1.2327947616577148,-1.0970487594604492,-1.0212392807006836,-1.0180768966674805,-1.0173654556274414,-1.0540246963500977,-1.5902376174926758,-1.589670181274414,-1.4418907165527344,-1.6201610565185547,-0.7631416320800781,-0.2838907241821289,0.33737754821777344,0.6080493927001953
-2.866109848022461,-2.7227373123168945,-2.3147430419921875,-2.317544937133789,-2.3374595642089844,-2.413412094116211,-0.9783945083618164,-2.0674562454223633,-3.4489612579345703,-3.3297462463378906,-3.916592597961426,-3.7542200088500977,-3.21939754486084,-2.2870969772338867,-3.2632713317871094,-2.0487051010131836,-2.242624282836914,-2.488265037536621,-1.6850242614746094,-0.3904285430908203,0.10550785064697266,0.6407976150512695,1.4206609725952148,-0.3883085250854492,-0.19923973083496094,-0.320159912109375,-0.9842128753662109,-1.2664794921875,-1.437129020690918,-2.386162757873535,-4.217226028442383,-1.978114128112793,-1.570770263671875,-1.7666082382202148,-2.152193069458008,-1.7905874252319336,-1.4636735916137695,-1.5821971893310547,-1.807138442993164,-1.3176298141479492,-1.309920310974121,-1.7910919189453125,-2.492582321166992,-2.050532341003418,-1.4940614700317383,-1.5081157684326172,-1.7425947189331055,-1.717219352722168,-1.5236625671386719,-1.2112846374511719,-1.1284170150756836,-1.3920679092407227,-1.3953533172607422,-1.2053289413452148,-1.6834354400634766,-1.8345956802368164,-2.1091747283935547,-2.5775651931762695,-2.4038162231445312,-2.25048828125,-1.4222126007080078,-1.571554183959961,-2.1007747650146484,-2.2840652465820312,-2.345606803894043,-2.161977767944336,-2.2128238677978516,-1.7924814224243164,-1.336756706237793,-1.329458236694336,-0.9325771331787109,-0.7794284820556641,-0.9875726699829102,-1.2002134323120117,-1.111830711364746,-1.470505714416504,-1.6599006652832031,-2.0007400512695312,-1.6689262390136719,-1.6103172302246094,-2.142086982727051,-2.120119094848633,-1.947005271911621,-1.7982873916625977,-1.879150390625
-3.561110496520996,-3.2472667694091797,-2.6707839965820312,-2.373723030090332,-2.0023746490478516,-2.408097267150879,-1.2320060729980469,-1.5694303512573242,-1.391866683959961,-1.340651512145996,-1.4809436798095703,-1.3943367004394531,-1.6745214462280273,-2.3553428649902344,-2.0188140869140625,-1.528860092163086,-1.8384370803833008,-0.8370275497436523,-0.9585161209106445,-1.3780040740966797,-1.5489377975463867,-1.7973766326904297,-3.36276912689209,-3.6082115173339844,-3.209573745727539,-2.992013931274414,-3.010678291320801,-2.1115198135375977,-3.164980888366699,-3.9361820220947266,-2.4869203567504883,-2.6739540100097656,-2.4444971084594727,-2.0473594665527344,-2.0020971298217773,-1.7882347106933594,-2.4357385635375977,-2.4368391036987305,-2.2210559844970703,-2.016507148742676,-2.0158185958862305,-1.9436941146850586,-1.1126832962036133,-0.8852348327636719,-1.4928503036499023,-0.995020866394043,-1.087346076965332,-1.2287569046020508,-0.9952182769775391,-1.201406478881836,-1.5207481384277344,-1.3920774459838867,-1.5537776947021484,-1.8475589752197266,-2.2128114700317383,-2.030327796936035,-1.712723731994629,-2.0078182220458984,-1.7293672561645508,-1.6277713775634766,-1.771183967590332,-2.0559892654418945,-2.264580726623535,-1.9221677780151367,-1.5081090927124023,-1.3082151412963867,-0.9327249526977539,-1.1047744750976562,-0.974884033203125,-1.0901422500610352,-1.4036951065063477,-1.69683837890625,-1.784745216369629,-2.1166019439697266,-2.125844955444336,-2.032533645629883,-1.866715431213379,-2.1895828247070312,-2.0682144165039062,-1.9650516510009766,-1.7235546112060547,-1.5055484771728516,-2.339360237121582,-1.755692481994629,-1.6803359985351562
-3.401534080505371,-3.6052427291870117,-3.524738311767578,-2.9232006072998047,-2.2751922607421875,-2.0249500274658203,-2.104933738708496,-1.719355583190918,-0.7009410858154297,-2.1308746337890625,-1.339308738708496,-0.14955711364746094,0.6186685562133789,0.011706352233886719,-0.3855438232421875,-0.7957000732421875,-1.7148113250732422,-1.9457473754882812,-2.5508127212524414,-2.365603446960449,-2.8052616119384766,-3.1299610137939453,-2.843120574951172,-1.8882598876953125,-1.5377511978149414,-2.4893455505371094,-3.12811279296875,-3.4696903228759766,-2.755845069885254,-1.8921470642089844,-2.432382583618164,-2.9695358276367188,-2.760746955871582,-2.5266904830932617,-2.5251245498657227,-2.2811174392700195,-2.1617250442504883,-1.9250869750976562,-1.8264570236206055,-1.8769865036010742,-1.5965766906738281,-1.10357666015625,-1.5614728927612305,-1.467397689819336,-1.7746009826660156,-2.1682662963867188,-2.7943687438964844,-2.6205902099609375,-2.1052141189575195,-2.5170106887817383,-2.7045984268188477,-1.9453840255737305,-1.5845870971679688,-1.6766595840454102,-2.0662574768066406,-1.996689796447754,-1.6431341171264648,-1.3213176727294922,-1.3220510482788086,-1.3304452896118164,-1.1542444229125977,-1.9165458679199219,-1.6598615646362305,-1.0186004638671875,-0.9285516738891602,-0.9297962188720703,-1.0000076293945312,-1.0168342590332031,-1.3478498458862305,-1.460770606994629,-1.6830358505249023,-2.2050132751464844,-2.5760498046875,-2.025017738342285,-1.6454830169677734,-1.458256721496582,-1.6034574508666992,-1.6981630325317383,-1.594573974609375,-1.5508747100830078,-1.362044334411621,-2.290323257446289,-1.6014652252197266,-1.450368881225586,-1.4749221801757812
