1.022101104259491,1.022101104259491,1.0441877245903015,1.0441877245903015,1.066645085811615,1.070866048336029,1.0921487212181091,1.0932485461235046,1.1132182478904724,1.1233991980552673,1.1478087306022644,1.1643573641777039,1.1922613978385925,1.2119197249412537,1.2395488619804382,1.2583937048912048,1.2829646468162537,1.2829646468162537,1.2963270545005798,1.3143934607505798,1.3236915469169617,1.335950791835785,1.3463451266288757,1.3497762084007263,1.3609537482261658,1.3701907992362976,1.3882374167442322,1.4016959071159363,1.4295238852500916,1.445983111858368,1.4819130301475525,1.4991187453269958,1.4991187453269958,1.5565187335014343,1.5565187335014343,1.6154350638389587,1.6154350638389587,1.664221465587616,1.664221465587616,1.7122618556022644,1.7087613940238953,1.7467262148857117,1.7331611514091492,1.7812578082084656,1.7518150210380554,1.8014466166496277,1.7451722025871277,1.8198670744895935,1.750682771205902,1.830091416835785,1.7789642214775085,1.7789642214775085,--,--,--,--,--,0.9743539690971375,1.435835063457489,1.4620444178581238,1.7021934390068054,1.666733205318451,1.8272873759269714,1.7818695902824402,1.908232867717743,1.85769122838974,1.96289724111557,1.9055632948875427,1.9971131682395935,1.9971131682395935,2.0177897810935974,2.0177897810935974,2.026025712490082,2.026025712490082,1.9919597506523132,1.9919597506523132,1.8877047896385193,--,1.1696595549583435,--,0.5686368346214294,--,--,--,--
1.0008553862571716,1.0008553862571716,1.0222098231315613,1.02565997838974,1.0482723116874695,1.052865207195282,1.0764686465263367,1.0826262831687927,1.1001221537590027,1.1101128458976746,1.136922538280487,1.1517741084098816,1.1819671988487244,1.1819671988487244,1.229893147945404,1.229893147945404,1.2724692225456238,1.2724692225456238,1.3061947226524353,1.3061947226524353,1.3339022994041443,1.3339022994041443,1.3516380190849304,1.3516380190849304,1.362858235836029,1.3754257559776306,1.3954820036888123,1.4118160605430603,1.4118160605430603,1.4619244933128357,1.4619244933128357,1.5193902850151062,1.5193902850151062,1.58065265417099,1.58065265417099,1.6398805975914001,1.6398805975914001,1.7050079703330994,1.7050079703330994,1.7506579756736755,1.7506579756736755,1.80003422498703,1.80003422498703,1.8625332713127136,1.8448614478111267,1.8448614478111267,1.8709136843681335,1.8709136843681335,1.8947376608848572,1.8947376608848572,1.9182094931602478,1.9182094931602478,1.9524566531181335,1.9524566531181335,1.5581879019737244,1.5581879019737244,1.3486749529838562,1.3486749529838562,1.8030573725700378,1.7285005450248718,1.9411351084709167,1.8791114687919617,2.0240480303764343,1.9575638175010681,2.0667821764945984,2.0092849135398865,2.086357533931732,2.041902482509613,2.041902482509613,2.0557772517204285,2.0557772517204285,2.103956639766693,2.057728946208954,2.0945891737937927,2.0526575446128845,2.0350674986839294,1.9902161955833435,--,--,0.9761940836906433,--,--,--,--,--
0.9801687598228455,1.002443253993988,1.002443253993988,1.0283038020133972,1.0283038020133972,1.0582448840141296,1.0582448840141296,1.0651485323905945,1.0869397521018982,1.0964269042015076,1.122903287410736,1.122903287410736,1.1676227450370789,1.1676227450370789,1.2138661742210388,1.2138661742210388,1.2555336356163025,1.2555336356163025,1.2936577200889587,1.2936577200889587,1.3284963965415955,1.3284963965415955,1.3503031134605408,1.3503031134605408,1.379513442516327,1.379513442516327,1.3954820036888123,1.423552930355072,1.4426104426383972,1.4797212481498718,1.4797212481498718,1.5409521460533142,1.5409521460533142,1.606682002544403,1.606682002544403,1.6752263903617859,1.6752263903617859,1.7335421442985535,1.7335421442985535,1.8043062090873718,1.8043062090873718,1.8050381541252136,1.8702871203422546,1.8625332713127136,1.9316350817680359,1.9123072028160095,1.97980397939682,1.97980397939682,2.013119399547577,2.013119399547577,2.0392715334892273,2.0392715334892273,2.05739563703537,2.05739563703537,2.0724510550498962,2.0724510550498962,1.9984473586082458,1.9984473586082458,2.001485288143158,2.001485288143158,2.076788365840912,2.076788365840912,2.076788365840912,2.1161996722221375,2.1161996722221375,2.1424474120140076,2.1424474120140076,2.15883606672287,2.15883606672287,2.1617485880851746,2.1617485880851746,2.1500157713890076,2.1500157713890076,2.1233977675437927,2.1233977675437927,2.10056608915329,1.9618799090385437,1.5494810938835144,1.1519765257835388,--,--,--,--,--,--
0.9590892195701599,0.9804500937461853,0.9804500937461853,1.005980670452118,1.005980670452118,1.0390717387199402,1.0390717387199402,1.0762733817100525,1.0762733817100525,1.0964269042015076,1.1094548106193542,1.1370312571525574,1.1489288210868835,1.1489288210868835,1.1904460787773132,1.1904460787773132,1.233552873134613,1.233552873134613,1.2776071429252625,1.2776071429252625,1.3182777762413025,1.3182777762413025,1.3334051966667175,1.3459195494651794,1.363653838634491,1.3873023390769958,1.4045233130455017,1.4429115653038025,1.4607414603233337,1.5071927905082703,1.523591697216034,1.5770499110221863,1.5907265543937683,1.651803433895111,1.651803433895111,1.7169446349143982,1.7169446349143982,1.7246562838554382,1.7911643385887146,1.7975894808769226,1.866250455379486,1.870752990245819,1.9395045638084412,1.9388501048088074,2.004527270793915,1.997510850429535,2.0557822585105896,2.0409368872642517,2.0927183032035828,2.071563422679901,2.109890878200531,2.109890878200531,2.1182741522789,2.1182741522789,2.1293389201164246,2.1293389201164246,2.1046809554100037,2.1498579382896423,2.0843583941459656,2.1573583483695984,2.104096829891205,2.180710732936859,2.1541871428489685,2.2155722975730896,2.2155722975730896,2.2371668219566345,2.2371668219566345,2.2464179396629333,2.2464179396629333,2.248088538646698,2.248088538646698,2.240785777568817,2.240785777568817,2.1725992560386658,2.1725992560386658,--,--,--,--,--,--,--,--,--,--
0.9267567992210388,0.9459449648857117,0.9459449648857117,0.9776651263237,0.9776651263237,1.0180153250694275,1.0180153250694275,1.0497142672538757,1.0634159445762634,1.090434730052948,1.0963839888572693,1.121149718761444,1.1294192671775818,1.1580109000205994,1.1669456362724304,1.1995934844017029,1.2126299738883972,1.245616853237152,1.2627186179161072,1.2627186179161072,1.2917537093162537,1.3138501048088074,1.328183352947235,1.3564299941062927,1.3713697791099548,1.413582980632782,1.4266800284385681,1.4797698855400085,1.4918174147605896,1.5548238158226013,1.5648223757743835,1.6343297362327576,1.642173945903778,1.642173945903778,1.7088610529899597,1.7088610529899597,1.7841021418571472,1.7841021418571472,1.8525435328483582,1.8598389029502869,1.9300007224082947,1.9351574778556824,2.0031608939170837,2.006243884563446,2.066337525844574,2.0630943179130554,2.1140148043632507,2.10569566488266,2.1392337679862976,2.126964032649994,2.126964032649994,2.1428648829460144,2.1428648829460144,2.1799301505088806,2.1543797850608826,2.193867862224579,2.1713706851005554,2.216207206249237,2.199887216091156,2.2457064986228943,2.2173649668693542,2.266251504421234,2.238752782344818,2.2832180857658386,2.2634167075157166,2.2977160811424255,2.2977160811424255,2.3087655901908875,2.3087655901908875,2.3095967173576355,2.3095967173576355,2.2642027735710144,2.2642027735710144,2.2291998267173767,1.8971924185752869,2.0132681727409363,--,--,--,--,--,--,--,--,--
0.9064945578575134,0.8786692023277283,0.8786692023277283,0.9201652407646179,0.9201652407646179,0.9773618578910828,0.9706527590751648,1.0246397852897644,1.0200104117393494,1.0705603957176208,1.0658311247825623,1.1004888415336609,1.098338782787323,1.1367732882499695,1.145512044429779,1.181968867778778,1.181968867778778,1.233264148235321,1.233264148235321,1.2896708846092224,1.2896708846092224,1.3449429869651794,1.3449429869651794,1.401601254940033,1.401601254940033,1.4549018740653992,1.470188558101654,1.5318869948387146,1.5455543398857117,1.6136793494224548,1.6255294680595398,1.6255294680595398,1.6922122836112976,1.6922122836112976,1.765622079372406,1.765622079372406,1.8437318205833435,1.8437318205833435,1.9230515360832214,1.9230515360832214,1.998041808605194,1.998041808605194,2.0578853487968445,2.063942611217499,2.11688894033432,2.118391692638397,2.118391692638397,2.147516906261444,2.147516906261444,2.1772562861442566,2.1772562861442566,2.200563132762909,2.200563132762909,2.215296685695648,2.215296685695648,2.2318543791770935,2.2318543791770935,2.2682060599327087,2.257201850414276,2.295855224132538,2.287599503993988,2.3229066729545593,2.304795205593109,2.3358516097068787,2.3163697123527527,2.342782437801361,2.3274990916252136,2.3274990916252136,2.349524438381195,2.333124101161957,2.3437201380729675,2.323776662349701,2.258664548397064,2.115144908428192,2.0371541380882263,--,--,0.6591863036155701,--,--,--,--,--,--,--
0.7877723574638367,0.7338780760765076,0.8440684676170349,0.8440684676170349,0.8995863795280457,0.8995863795280457,0.9534410834312439,0.9534410834312439,0.9360710978507996,1.0072657465934753,0.9945048689842224,1.0519244074821472,1.0445281863212585,1.0977887511253357,1.0977887511253357,1.1567170023918152,1.1567170023918152,1.2208439707756042,1.2208439707756042,1.2905439734458923,1.2905439734458923,1.3591970801353455,1.3591970801353455,1.4291762709617615,1.4291762709617615,1.5106989741325378,1.5106989741325378,1.5318869948387146,1.5958334803581238,1.5958334803581238,1.6787566542625427,1.6787566542625427,1.7447358965873718,1.7447358965873718,1.8220457434654236,1.8220457434654236,1.9012574553489685,1.9012574553489685,1.9786483645439148,1.9786483645439148,2.049306809902191,2.049306809902191,2.0578853487968445,2.1121146082878113,2.11688894033432,2.1513656973838806,2.1513656973838806,2.1910707354545593,2.1910707354545593,2.2217432856559753,2.2217432856559753,2.2459859251976013,2.2459859251976013,2.263598620891571,2.263598620891571,2.280253827571869,2.280253827571869,2.3047048449516296,2.3047048449516296,2.338072717189789,2.3313164114952087,2.3313164114952087,2.3520345091819763,2.3520345091819763,2.3587998747825623,2.3587998747825623,2.362027108669281,2.362027108669281,2.3588432669639587,2.3588432669639587,2.3242098689079285,2.3242098689079285,2.254752814769745,2.140272557735443,--,--,--,--,--,--,0.4013761878013611,--,--,--,--
0.5956081748008728,0.5956081748008728,0.6681656241416931,0.6681656241416931,0.7285780310630798,0.7285780310630798,0.8387975096702576,0.8387975096702576,0.9166762232780457,0.9166762232780457,0.9900643229484558,0.9900643229484558,1.0445281863212585,1.047369658946991,1.047369658946991,1.1200193762779236,1.1200193762779236,1.1985248923301697,1.1985248923301697,1.2813553214073181,1.2813553214073181,1.3590938448905945,1.3590938448905945,1.4472329020500183,1.4472329020500183,1.4818288683891296,1.54041188955307,1.5715040564537048,1.633009135723114,1.6593353152275085,1.7096895575523376,1.7302972674369812,1.7907153964042664,1.7907153964042664,1.8727840781211853,1.8727840781211853,1.9526411890983582,1.9526411890983582,1.9663917422294617,2.0275468230247498,2.03900545835495,2.0946611762046814,2.1039785742759705,2.1412424445152283,2.147549569606781,2.1862611174583435,2.1908625960350037,2.2253779768943787,2.2253779768943787,2.255257785320282,2.255257785320282,2.2803568243980408,2.2803568243980408,2.3000394701957703,2.3000394701957703,2.2919625639915466,2.3202032446861267,2.313396632671356,2.344432532787323,2.338072717189789,2.3651127219200134,2.3651127219200134,2.3808178305625916,2.3808178305625916,2.3891770243644714,2.3891770243644714,2.387187421321869,2.387187421321869,2.3724491000175476,2.3724491000175476,2.279873788356781,2.279873788356781,1.9774205088615417,1.9774205088615417,--,--,--,--,--,0.3265015482902527,0.3265015482902527,--,--,--,--
--,--,--,--,--,--,--,--,0.7256209254264832,0.7256209254264832,0.9035362601280212,0.8617333769798279,0.9804241061210632,0.989118754863739,1.0612637400627136,1.0890561938285828,1.1458088755607605,1.1860808730125427,1.2339007258415222,1.2826165556907654,1.2826165556907654,1.3247541785240173,1.3684868216514587,1.4079717993736267,1.4642333388328552,1.504086434841156,1.562290608882904,1.5999850630760193,1.6567057967185974,1.6884085536003113,1.7365748286247253,1.7670485377311707,1.8254141211509705,1.8516799807548523,1.911268174648285,1.934391438961029,1.934391438961029,1.9935008883476257,2.013241469860077,2.0691506266593933,2.0837501883506775,2.1336082816123962,2.1342379450798035,2.1729106307029724,2.18113511800766,2.2162052989006042,2.221522271633148,2.251806914806366,2.2547971606254578,2.281080186367035,2.2827696204185486,2.2827696204185486,2.306022584438324,2.305916726589203,2.327922523021698,2.3251673579216003,2.3487505316734314,2.346662938594818,2.3695501685142517,2.369073808193207,2.386408269405365,2.3855568766593933,2.397885501384735,2.394363582134247,2.400997579097748,2.400997579097748,2.397715747356415,2.397715747356415,2.3668505549430847,2.3668505549430847,2.346589505672455,--,1.9038648009300232,--,--,--,--,--,--,--,--,--,--,--,--
--,--,--,--,--,--,--,--,0.24496620893478394,--,--,0.3197728991508484,0.8370415568351746,0.8288680911064148,1.0086013674736023,1.0376290678977966,1.1325754523277283,1.1859599947929382,1.2394434809684753,1.2394434809684753,1.3361358046531677,1.3361358046531677,1.4240924715995789,1.4240924715995789,1.483557641506195,1.5222057700157166,1.5796090960502625,1.61849445104599,1.6680254340171814,1.7011329531669617,1.7550415396690369,1.7916101813316345,1.7916101813316345,1.8819343447685242,1.8819343447685242,1.9684125781059265,1.9684125781059265,2.0477020144462585,2.0477020144462585,2.11670058965683,2.11670058965683,2.143009841442108,2.1622015833854675,2.1920856833457947,2.206490457057953,2.2341219782829285,2.2451300024986267,2.2451300024986267,2.276348054409027,2.276348054409027,2.3033029437065125,2.3033029437065125,2.3271088004112244,2.3271088004112244,2.3451072573661804,2.3479403853416443,2.3652324080467224,2.368752658367157,2.383544623851776,2.387255370616913,2.3984240889549255,2.398643672466278,2.4042152762413025,2.4025527834892273,2.4025527834892273,2.400079905986786,2.400079905986786,2.394058406352997,2.387185513973236,2.351838529109955,2.2943326830863953,2.062189280986786,--,--,--,--,--,--,--,--,--,--,--,--,--
--,--,--,--,--,--,--,--,--,--,--,--,0.40188688039779663,0.4567357897758484,0.8348097205162048,0.8520709872245789,1.075025498867035,1.075025498867035,1.2424706816673279,1.2424706816673279,1.3469337821006775,1.3469337821006775,1.4432353377342224,1.4432353377342224,1.5427836775779724,1.5427836775779724,1.6352350115776062,1.6352350115776062,1.6352350115776062,1.7160362601280212,1.7160362601280212,1.8100571036338806,1.8100571036338806,1.9022690653800964,1.9022690653800964,1.989104688167572,1.989104688167572,2.06634658575058,2.06634658575058,2.1199745535850525,2.1199745535850525,2.1703869700431824,2.1703869700431824,2.1703869700431824,2.2174264788627625,2.2174264788627625,2.2556797862052917,2.2556797862052917,2.2865118384361267,2.2865118384361267,2.3129166960716248,2.3129166960716248,2.3377861380577087,2.3377861380577087,2.3593472838401794,2.3593472838401794,2.3688084483146667,2.3776771426200867,2.3842851519584656,2.392436683177948,2.392436683177948,2.402171552181244,2.402171552181244,2.4038886427879333,2.4038886427879333,2.3974403738975525,2.3974403738975525,2.377166211605072,2.377166211605072,2.3475722670555115,2.2687599062919617,2.0739821791648865,--,--,--,--,--,--,--,--,--,--,--,--,--
--,--,--,--,--,--,--,--,--,--,--,--,--,0.4567357897758484,--,--,0.8732351660728455,0.8732351660728455,1.1612009406089783,1.1612009406089783,1.3343543410301208,1.3343543410301208,1.4548975825309753,1.4548975825309753,1.5663174986839294,1.5663174986839294,1.6004063487052917,1.6491948962211609,1.6803383231163025,1.730381190776825,1.7690145373344421,1.8190318942070007,1.8190318942070007,1.9124414324760437,1.9124414324760437,1.9973039031028748,1.9973039031028748,2.0672239661216736,2.0672239661216736,2.101214587688446,2.116855561733246,2.14580100774765,2.1677321791648865,2.193898618221283,2.213438928127289,2.2379247546195984,2.2527310252189636,2.2527310252189636,2.286385238170624,2.286385238170624,2.314262568950653,2.314262568950653,2.33736914396286,2.33736914396286,2.357202470302582,2.357202470302582,2.3688084483146667,2.373574197292328,2.3842851519584656,2.3863462805747986,2.3863462805747986,2.3939804434776306,2.3939804434776306,2.3941039443016052,2.3941039443016052,2.384962260723114,2.384962260723114,2.352728545665741,2.352728545665741,2.275946795940399,2.275946795940399,2.1756429076194763,1.9538080096244812,--,--,--,--,--,--,--,--,--,--,--,--
--,--,--,--,--,--,--,--,--,--,--,--,--,--,--,--,0.4198135733604431,0.9005638957023621,0.930088222026825,1.2002646327018738,1.222444474697113,1.222444474697113,1.4347454905509949,1.4347454905509949,1.513171374797821,1.5632020831108093,1.6203932166099548,1.6570157408714294,1.6971539855003357,1.7419225573539734,1.7761687636375427,1.8178200125694275,1.86505788564682,1.9074727892875671,1.9553317427635193,1.98965185880661,1.98965185880661,2.0315679907798767,2.0580171942710876,2.0833255648612976,2.1021611094474792,2.13607519865036,2.152578294277191,2.185609996318817,2.1990520358085632,2.228141486644745,2.238533675670624,2.26520699262619,2.273486316204071,2.273486316204071,2.3026809096336365,2.3026809096336365,2.32153981924057,2.3251368403434753,2.3426286578178406,2.344528615474701,2.3603519797325134,2.3602554202079773,2.374351441860199,2.3715099692344666,2.383685290813446,2.3760992884635925,2.3760992884635925,2.373485028743744,2.373485028743744,2.358050763607025,2.358050763607025,2.2833136916160583,2.2833136916160583,2.272798240184784,2.082746922969818,2.1756429076194763,--,--,--,--,--,--,--,--,--,--,--,--,--
--,--,--,--,--,--,--,--,--,--,--,--,--,--,--,--,--,--,0.46438926458358765,0.9662355780601501,0.9662355780601501,1.242917001247406,1.242917001247406,1.4777769446372986,1.4777769446372986,1.509532630443573,1.6065759062767029,1.6342737078666687,1.6950945258140564,1.7299863696098328,1.7823376059532166,1.8194543719291687,1.8595747351646423,1.8595747351646423,1.942513644695282,1.942513644695282,2.0163111090660095,2.0163111090660095,2.0684189200401306,2.0684189200401306,2.0814093947410583,2.1173805594444275,2.1279754042625427,2.1641852259635925,2.1717137694358826,2.207317054271698,2.2121500372886658,2.2449390292167664,2.2449390292167664,2.2773813605308533,2.2773813605308533,2.303909480571747,2.303909480571747,2.3016392588615417,2.3256914019584656,2.324495017528534,2.344099223613739,2.339777886867523,2.356392562389374,2.348354756832123,2.3644348978996277,2.3513001799583435,2.3639487624168396,2.3639487624168396,2.343496263027191,2.3523847460746765,2.3206846117973328,2.3130211234092712,2.2513148188591003,2.1195618510246277,--,1.7150201201438904,--,--,--,--,--,--,--,--,--,--,--,--,--
--,--,--,--,--,--,--,--,--,--,--,--,--,--,--,--,--,--,--,0.6107813715934753,0.6107813715934753,1.020561397075653,1.020561397075653,1.2666415572166443,1.2666415572166443,1.5327250361442566,1.5327250361442566,1.6626905798912048,1.6626905798912048,1.6863908171653748,1.7621862292289734,1.7621862292289734,1.8509394526481628,1.8509394526481628,1.922526776790619,1.922526776790619,1.986721694469452,1.986721694469452,2.0419792532920837,2.0419792532920837,2.0902616381645203,2.0902616381645203,2.0953115820884705,2.135107696056366,2.135107696056366,2.175116717815399,2.175116717815399,2.2122461199760437,2.2122461199760437,2.244677245616913,2.244677245616913,2.2714738249778748,2.2714738249778748,2.2974900603294373,2.2974900603294373,2.289927899837494,2.319375455379486,2.308262050151825,2.330772340297699,2.330772340297699,2.3348445296287537,2.3348445296287537,2.330227553844452,2.330227553844452,2.3138174414634705,2.3138174414634705,2.284305989742279,2.2545682787895203,2.1309675574302673,--,--,--,--,--,--,--,--,--,--,--,--,--,--,--,--
--,--,--,--,--,--,--,--,--,--,--,--,--,--,--,--,--,--,--,--,--,--,--,1.0552484393119812,1.0552484393119812,1.278014600276947,1.278014600276947,1.5496873259544373,1.5484527945518494,1.6863908171653748,1.7062296271324158,1.7062296271324158,1.807191789150238,1.807191789150238,1.8914760947227478,1.8914760947227478,1.9601182341575623,1.9601182341575623,2.0152012705802917,2.0152012705802917,2.0496403574943542,2.050984799861908,2.0953115820884705,2.0970303416252136,2.137162148952484,2.1364492774009705,2.1364492774009705,2.1721052527427673,2.1721052527427673,2.2020592093467712,2.2020592093467712,2.2296356558799744,2.2296356558799744,2.2558619379997253,2.2558619379997253,2.289927899837494,2.2768985629081726,2.2768985629081726,2.2916738390922546,2.2916738390922546,2.2958940863609314,2.2958940863609314,2.2865294814109802,2.2865294814109802,2.2715248465538025,2.2715248465538025,2.217392385005951,2.217392385005951,2.115816295146942,1.8945145010948181,--,--,--,--,--,--,--,--,--,--,--,--,--,--,--
--,--,--,--,--,--,--,--,--,--,--,--,--,--,--,--,--,--,--,--,--,--,--,0.6793627142906189,0.6793627142906189,1.0695118308067322,1.0798336863517761,1.2750696539878845,1.2716256976127625,1.5461916327476501,1.5332927107810974,1.7160953879356384,1.7158038020133972,1.8201300501823425,1.8231260180473328,1.8231260180473328,1.9068726897239685,1.9068726897239685,1.9705137610435486,1.9713501334190369,2.011877715587616,2.009067714214325,2.0530869364738464,2.0540773272514343,2.096303641796112,2.098225772380829,2.133314549922943,2.1353504061698914,2.1353504061698914,2.1590606570243835,2.1590606570243835,2.1928064227104187,2.180970847606659,2.2184142470359802,2.203490912914276,2.242242753505707,2.2237924933433533,2.259628474712372,2.2362329363822937,2.2362329363822937,2.244174897670746,2.244174897670746,2.241752564907074,2.241752564907074,2.2079564929008484,2.2079564929008484,2.073528468608856,2.073528468608856,2.115816295146942,--,--,--,--,--,--,--,--,--,--,--,--,--,--,--,--
--,--,--,--,--,--,--,--,--,--,--,--,--,--,--,--,--,--,--,--,--,--,--,--,--,0.7691134810447693,0.8302134871482849,1.0895599722862244,1.0980769991874695,1.2674774527549744,1.260814607143402,1.5054935812950134,1.4747740626335144,1.70355623960495,1.70355623960495,1.8147510886192322,1.8147510886192322,1.8985041975975037,1.8985041975975037,1.88303941488266,1.9651896357536316,1.9560992121696472,2.009994685649872,2.002455413341522,2.0560213923454285,2.0457558035850525,2.0965866446495056,2.0965866446495056,2.130028188228607,2.130028188228607,2.1133164763450623,2.146866500377655,2.135696828365326,2.1663562655448914,2.1533345580101013,2.184011161327362,2.1703869700431824,2.2048115134239197,2.183731734752655,2.2125675082206726,2.1831113696098328,2.1831113696098328,2.213267505168915,2.1613022685050964,2.194598615169525,--,1.9496275782585144,1.8394607901573181,1.7316846251487732,--,--,--,--,--,--,--,--,--,--,--,--,--,--,--,--
--,--,--,--,--,--,--,--,--,--,--,--,--,--,--,--,--,--,--,--,--,--,--,--,--,--,0.8729740977287292,0.8729740977287292,0.8971936106681824,1.0990754961967468,1.0899490714073181,1.248309075832367,1.248309075832367,1.4309956431388855,1.4309956431388855,1.641760528087616,1.641760528087616,1.7705809473991394,1.7705809473991394,1.8561550974845886,1.8561550974845886,1.81931871175766,1.9301792979240417,1.8895003199577332,1.9856340289115906,1.9856340289115906,2.0120758414268494,2.0120758414268494,2.0480000376701355,2.0480000376701355,2.08417147397995,2.08417147397995,2.112348735332489,2.112348735332489,2.0822238326072693,2.132414996623993,2.1016544699668884,2.1462013125419617,2.1462013125419617,2.1528884768486023,2.1528884768486023,2.143187701702118,2.143187701702118,2.0803586840629578,2.0575639605522156,1.993499219417572,1.1924285292625427,1.4074801802635193,1.5647699236869812,--,--,--,--,--,--,--,--,--,--,--,--,--,--,--,--
--,--,--,--,--,--,--,--,--,--,--,--,--,--,--,--,--,--,--,--,--,--,--,--,--,--,0.5049862265586853,0.5049862265586853,0.9139761328697205,0.9139761328697205,1.0899490714073181,1.0889577269554138,1.0889577269554138,1.2195059657096863,1.2195059657096863,1.358743131160736,1.358743131160736,1.5462343096733093,1.5462343096733093,1.6925398707389832,1.6925398707389832,1.81931871175766,1.7755739092826843,1.8895003199577332,1.8385085463523865,1.8385085463523865,1.9000043272972107,1.9000043272972107,1.9398269057273865,1.9398269057273865,1.9778241515159607,1.9778241515159607,2.0171043276786804,2.0171043276786804,2.0822238326072693,2.0468472838401794,2.0468472838401794,2.0630404353141785,2.0630404353141785,2.0676814913749695,2.0676814913749695,2.0563148856163025,2.0563148856163025,2.017337739467621,2.017337739467621,1.90482896566391,1.90482896566391,1.8266255259513855,--,--,--,--,--,--,--,--,--,--,--,--,--,--,--,--,--
--,--,--,--,--,--,--,--,--,--,--,--,--,--,--,--,--,--,--,--,--,--,--,--,--,--,--,--,--,0.5384637713432312,0.9360770583152771,0.9501940608024597,1.0889529585838318,1.091777503490448,1.091777503490448,1.2071685194969177,1.2071685194969177,1.329375445842743,1.329375445842743,1.4981841444969177,1.46576589345932,1.6473938822746277,1.5978989005088806,1.7303950190544128,1.6867994666099548,1.7937764525413513,1.750076949596405,1.750076949596405,1.809785783290863,1.809785783290863,1.8608877062797546,1.8608877062797546,1.9462911486625671,1.902979552745819,1.9802712798118591,1.9378532767295837,2.0033146739006042,1.9598533511161804,1.9598533511161804,1.974627435207367,1.974627435207367,1.9697858691215515,1.9697858691215515,1.9466204047203064,1.9466204047203064,1.9528152346611023,1.8857356905937195,1.8857356905937195,--,--,--,--,--,--,--,--,--,--,--,--,--,--,--,--,--
--,--,--,--,--,--,--,--,--,--,--,--,--,--,--,--,--,--,--,--,--,--,--,--,--,--,--,--,--,--,--,--,0.9640268683433533,0.9773446917533875,1.0956150889396667,1.0956150889396667,1.2052523493766785,1.2052523493766785,1.2004289031028748,1.3144592642784119,1.3045598864555359,1.4456331133842468,1.4335283637046814,1.5566288828849792,1.5225808024406433,1.644246518611908,1.6017436385154724,1.7070321440696716,1.7070321440696716,1.6628274321556091,1.7660345435142517,1.7199620604515076,1.815438687801361,1.7656089663505554,1.8553830981254578,1.8076514601707458,1.8917834162712097,1.8463851809501648,1.9197415709495544,1.8762237429618835,1.8762237429618835,1.931656301021576,1.886715829372406,1.923116385936737,1.8733736872673035,1.8914408087730408,--,--,--,--,--,--,--,--,--,--,--,--,--,--,--,--,--,--,--
--,--,--,--,--,--,--,--,--,--,--,--,--,--,--,--,--,--,--,--,--,--,--,--,--,--,--,--,--,--,--,--,--,--,0.986728847026825,0.986728847026825,1.1000389456748962,1.1000389456748962,1.1969370245933533,1.1969370245933533,1.1985754370689392,1.3015322089195251,1.2940332293510437,1.417956531047821,1.417956531047821,1.4945020079612732,1.4945020079612732,1.5555891394615173,1.5555891394615173,1.6190993189811707,1.6190993189811707,1.572889268398285,1.6691386103630066,1.6230542063713074,1.7184392809867859,1.6724688410758972,1.7612943053245544,1.7182618975639343,1.80277818441391,1.80277818441391,1.7968336939811707,1.7968336939811707,1.6895458102226257,1.8362223505973816,1.7654888033866882,1.7433781027793884,1.5350934863090515,--,--,--,--,--,--,--,--,--,--,--,--,--,--,--,--,--,--
--,--,--,--,--,--,--,--,--,--,--,--,--,--,--,--,--,--,--,--,--,--,--,--,--,--,--,--,--,--,--,--,--,--,--,--,1.0033170580863953,1.0033170580863953,1.1057931780815125,1.1057931780815125,1.1945938467979431,1.1945938467979431,1.1945938467979431,1.2763668894767761,1.2763668894767761,1.3530318140983582,1.3530318140983582,1.423679769039154,1.423679769039154,1.4754528403282166,1.4754528403282166,1.5288085341453552,1.5288085341453552,1.4916371703147888,1.5810076594352722,1.5810076594352722,1.6318311095237732,1.6318311095237732,1.6790894865989685,1.6790894865989685,1.7079395651817322,1.7079395651817322,1.6152693629264832,1.6152693629264832,--,--,0.6709801554679871,1.4145130515098572,1.4145130515098572,--,--,--,--,--,--,--,--,--,--,--,--,--,--,--,--
--,--,--,--,--,--,--,--,--,--,--,--,--,--,--,--,--,--,--,--,--,--,--,--,--,--,--,--,--,--,--,--,--,--,--,--,--,--,1.0184471011161804,1.0184471011161804,1.1066710352897644,1.1002997756004333,1.1835290789604187,1.1674370169639587,1.2545997500419617,1.2371785044670105,1.2371785044670105,1.3053433299064636,1.3053433299064636,1.364064633846283,1.364064633846283,1.442821204662323,1.4131483435630798,1.4916371703147888,1.4614240527153015,1.545663297176361,1.5153231024742126,1.5153231024742126,1.5661112666130066,1.5661112666130066,1.5951778292655945,1.5951778292655945,1.4620959162712097,1.4620959162712097,--,0.6800891757011414,0.6800891757011414,--,--,--,--,--,--,--,--,--,--,--,--,--,--,--,--,--,--
--,--,--,--,--,--,--,--,--,--,--,--,--,--,--,--,--,--,--,--,--,--,--,--,--,--,--,--,--,--,--,--,--,--,--,--,--,--,0.6017088294029236,0.7385432124137878,1.0149499773979187,1.0032042860984802,1.0843271613121033,1.0646774172782898,1.146305501461029,1.1272174715995789,1.2205049395561218,1.2028841376304626,1.2028841376304626,1.284946858882904,1.261699378490448,1.338216483592987,1.3158056139945984,1.387063205242157,1.3648750185966492,1.437051236629486,1.4166201949119568,1.4892379641532898,1.4647638201713562,1.4647638201713562,1.4900597929954529,1.4900597929954529,1.5247132182121277,1.4701418280601501,1.4275426268577576,1.3563575148582458,0.833230197429657,--,--,--,--,--,--,--,--,--,--,--,--,--,--,--,--,--,--
--,--,--,--,--,--,--,--,--,--,--,--,--,--,--,--,--,--,--,--,--,--,--,--,--,--,--,--,--,--,--,--,--,--,--,--,--,--,--,--,--,--,--,--,--,--,1.118691623210907,1.118691623210907,1.1766642928123474,1.1766642928123474,1.153639018535614,1.236958920955658,1.217570960521698,1.2944044470787048,1.2785236239433289,1.3475949168205261,1.3337242007255554,1.3980767130851746,1.3980767130851746,1.4339930415153503,1.4339930415153503,1.4029237627983093,1.444710910320282,1.3512789607048035,1.3895565867424011,1.223207414150238,--,--,--,--,--,--,--,--,--,--,--,--,--,--,--,--,--,--,--
--,--,--,--,--,--,--,--,--,--,--,--,--,--,--,--,--,--,--,--,--,--,--,--,--,--,--,--,--,--,--,--,--,--,--,--,--,--,--,--,--,--,--,--,--,--,--,--,--,--,1.1412116885185242,1.1412116885185242,--,1.1973385214805603,1.1973385214805603,1.2645582556724548,1.2645582556724548,1.3102099299430847,1.3102099299430847,1.3504454493522644,1.3504454493522644,--,--,--,--,--,1.1040417551994324,1.1040417551994324,--,--,--,--,--,--,--,--,--,--,--,--,--,--,--,--,--
--,--,--,--,--,--,--,--,--,--,--,--,--,--,--,--,--,--,--,--,--,--,--,--,--,--,--,--,--,--,--,--,--,--,--,--,--,--,--,--,--,--,--,--,--,--,--,--,--,--,--,--,--,--,--,1.1552223563194275,1.1552223563194275,1.2286781668663025,1.2286781668663025,1.1214165091514587,1.1214165091514587,--,--,--,0.1453050971031189,0.1453050971031189,0.36378711462020874,0.36378711462020874,--,--,--,--,--,--,--,--,--,--,--,--,--,--,--,--,--
--,--,--,--,--,--,--,--,--,--,--,--,--,--,--,--,--,--,--,--,--,--,--,--,--,--,--,--,--,--,--,--,--,--,--,--,--,--,--,--,--,--,--,--,--,--,--,--,--,--,--,--,--,--,0.6140629649162292,0.7826539874076843,0.7826539874076843,1.1095189452171326,1.1095189452171326,1.0752446055412292,1.0752446055412292,1.001976191997528,--,--,--,--,--,--,--,--,--,--,--,--,--,--,--,--,--,--,--,--,--,--,--
--,--,--,--,--,--,--,--,--,--,--,--,--,--,--,--,--,--,--,--,--,--,--,--,--,--,--,--,--,--,--,--,--,--,--,--,--,--,--,--,--,--,--,--,--,--,--,--,--,--,--,--,--,--,0.4832848906517029,0.6391417384147644,0.8559488654136658,0.8559488654136658,0.8753015398979187,1.050796926021576,0.8896934390068054,--,--,--,--,--,--,--,--,--,--,--,--,--,--,--,--,--,--,--,--,--,--,--,--
--,--,--,--,--,--,--,--,--,--,--,--,--,--,--,--,--,--,--,--,--,--,--,--,--,--,--,--,--,--,--,--,--,--,--,--,--,--,--,--,--,--,--,--,--,--,--,--,--,--,--,--,--,--,0.4168505072593689,0.4168505072593689,0.710131824016571,0.710131824016571,0.8335420489311218,0.8335420489311218,--,--,--,--,--,--,--,--,--,--,--,--,--,--,--,--,--,--,--,--,--,--,--,--,--
--,--,--,--,--,--,--,--,--,--,--,--,--,--,--,--,--,--,--,--,--,--,--,--,--,--,--,--,--,--,--,--,--,--,--,--,--,--,--,--,--,--,--,--,--,--,--,--,--,--,--,--,--,--,0.3506717085838318,0.3506717085838318,0.6011568903923035,0.6011568903923035,0.5705870985984802,0.5705870985984802,--,--,--,--,--,--,--,--,--,--,--,--,--,--,--,--,--,--,--,--,--,--,--,--,--
--,--,--,--,--,--,--,--,--,--,--,--,--,--,--,--,--,--,--,--,--,--,--,--,--,--,--,--,--,--,--,--,--,--,--,--,--,--,--,--,--,--,--,--,--,--,--,--,--,--,--,--,--,--,0.3166911005973816,0.3166911005973816,0.3584081530570984,0.3584081530570984,--,--,--,--,--,--,--,--,--,--,--,--,--,--,--,--,--,--,--,--,--,--,--,--,--,--,--
--,--,--,--,--,--,--,--,--,--,--,--,--,--,--,--,--,--,--,--,--,--,--,--,--,--,--,--,--,--,--,--,--,--,--,--,--,--,--,--,--,--,--,--,--,--,--,--,--,--,--,--,--,--,0.21619409322738647,0.3252667784690857,0.26655834913253784,0.26655834913253784,--,--,--,--,--,--,--,--,--,--,--,--,--,--,--,--,--,--,--,--,--,--,--,--,--,--,--
